,Day,Date,Time,PM2.5,PM10,NO2,NH3,SO2,CO,OZONE,AQI
0,Monday,01-08-2022,00:00:00,57.0,70.0,84.0,12.0,6.0,80.0,48.0,102.0
1,Monday,01-08-2022,01:00:00,0.0,20.0,58.0,12.0,26.0,90.0,38.0,105.0
2,Monday,01-08-2022,02:00:00,18.0,46.0,62.0,14.0,20.0,72.0,31.0,104.0
3,Monday,01-08-2022,03:00:00,72.0,140.0,59.5,13.666666666666666,11.0,76.0,41.0,99.0
4,Monday,01-08-2022,04:00:00,55.0,86.0,57.0,13.333333333333334,2.0,80.0,51.0,99.0
5,Monday,01-08-2022,05:00:00,58.0,97.0,90.0,13.0,0.0,82.0,64.0,97.0
6,Monday,01-08-2022,06:00:00,58.0,127.0,80.0,13.0,7.0,90.0,44.0,96.0
7,Monday,01-08-2022,07:00:00,0.0,72.0,67.0,12.0,24.0,102.0,38.0,98.0
8,Monday,01-08-2022,08:00:00,18.0,34.0,58.0,12.0,25.0,107.0,36.0,98.0
9,Monday,01-08-2022,09:00:00,38.0,44.0,52.0,11.0,23.0,112.0,38.0,96.0
10,Monday,01-08-2022,10:00:00,47.0,64.0,92.0,11.0,11.0,109.0,37.0,94.0
11,Monday,01-08-2022,11:00:00,88.0,127.0,66.0,12.0,5.0,108.0,67.0,96.0
12,Monday,01-08-2022,12:00:00,93.0,105.0,61.0,12.0,4.0,110.0,53.0,100.0
13,Monday,01-08-2022,13:00:00,82.0,97.0,56.0,12.0,3.0,101.0,40.0,101.0
14,Monday,01-08-2022,14:00:00,147.0,115.0,42.0,13.0,23.0,102.0,39.0,100.0
15,Monday,01-08-2022,15:00:00,243.0,108.0,39.0,11.0,32.0,88.0,38.0,97.0
16,Monday,01-08-2022,16:00:00,167.0,97.0,27.0,12.0,31.0,57.0,58.0,96.0
17,Monday,01-08-2022,17:00:00,50.0,55.0,29.0,12.0,30.0,101.0,41.0,99.0
18,Monday,01-08-2022,18:00:00,53.0,67.0,75.0,12.0,20.0,100.0,51.0,99.0
19,Monday,01-08-2022,19:00:00,103.0,149.0,56.0,12.0,19.0,101.0,38.0,99.0
20,Monday,01-08-2022,20:00:00,60.0,101.0,48.0,12.0,29.0,118.0,46.0,99.0
21,Monday,01-08-2022,21:00:00,70.0,104.0,55.0,12.0,33.0,118.0,52.0,102.0
22,Monday,01-08-2022,22:00:00,60.0,99.0,56.0,14.0,35.0,80.0,35.0,104.0
23,Monday,01-08-2022,23:00:00,47.0,81.0,42.0,13.0,22.0,85.0,68.0,106.0
24,Tuesday,02-08-2022,00:00:00,80.0,111.0,44.0,2.0,16.0,50.0,11.0,52.0
25,Tuesday,02-08-2022,01:00:00,40.0,101.0,45.0,2.0,15.0,42.0,7.0,51.0
26,Tuesday,02-08-2022,02:00:00,32.0,69.0,48.0,2.0,15.0,40.0,0.0,51.0
27,Tuesday,02-08-2022,03:00:00,33.0,83.0,54.0,3.0,0.0,0.0,4.0,51.0
28,Tuesday,02-08-2022,04:00:00,0.0,85.0,58.0,3.0,14.0,38.0,4.0,51.0
29,Tuesday,02-08-2022,05:00:00,30.0,84.0,54.5,3.0,14.5,36.5,6.5,52.0
30,Tuesday,02-08-2022,06:00:00,27.0,70.0,51.0,3.0,15.0,35.0,9.0,52.0
31,Tuesday,02-08-2022,07:00:00,78.0,55.0,40.0,2.0,16.0,35.0,8.0,52.0
32,Tuesday,02-08-2022,08:00:00,52.0,96.0,40.0,2.0,17.0,35.0,11.0,52.0
33,Tuesday,02-08-2022,09:00:00,23.0,95.0,43.0,2.0,15.0,37.0,14.0,52.0
34,Tuesday,02-08-2022,10:00:00,28.0,84.0,50.0,2.0,14.0,40.0,21.0,54.0
35,Tuesday,02-08-2022,11:00:00,0.0,38.0,62.0,2.0,13.0,35.0,21.0,56.0
36,Tuesday,02-08-2022,12:00:00,10.0,66.0,52.0,3.0,12.0,35.0,26.0,56.0
37,Tuesday,02-08-2022,13:00:00,23.0,83.0,49.0,3.0,15.0,25.0,25.0,56.0
38,Tuesday,02-08-2022,14:00:00,40.0,67.0,53.0,3.0,17.0,40.0,35.0,59.0
39,Tuesday,02-08-2022,15:00:00,110.0,69.0,43.0,2.0,17.0,40.0,32.0,59.0
40,Tuesday,02-08-2022,16:00:00,97.0,150.0,24.0,3.0,17.0,40.0,41.0,58.0
41,Tuesday,02-08-2022,17:00:00,37.0,101.0,33.0,2.0,16.0,43.0,37.0,58.0
42,Tuesday,02-08-2022,18:00:00,0.0,0.0,34.0,3.0,15.0,47.0,40.0,58.0
43,Tuesday,02-08-2022,19:00:00,37.0,73.0,43.0,3.0,13.0,40.0,20.0,58.0
44,Tuesday,02-08-2022,20:00:00,0.0,0.0,53.0,3.0,12.0,42.0,4.0,60.0
45,Tuesday,02-08-2022,21:00:00,0.0,59.0,54.0,3.0,14.0,50.0,11.0,60.0
46,Tuesday,02-08-2022,22:00:00,66.0,77.0,54.0,3.0,16.0,55.0,6.0,60.0
47,Tuesday,02-08-2022,23:00:00,85.0,80.0,45.0,2.0,18.0,60.0,8.0,61.0
48,Wednesday,03-08-2022,00:00:00,30.0,59.0,49.0,2.0,14.0,40.0,0.0,65.0
49,Wednesday,03-08-2022,01:00:00,25.0,22.0,52.0,3.0,25.0,27.5,5.0,50.0
50,Wednesday,03-08-2022,02:00:00,20.0,30.0,52.0,3.0,36.0,15.0,9.0,51.0
51,Wednesday,03-08-2022,03:00:00,15.0,39.0,52.0,3.0,17.0,17.0,6.0,51.0
52,Wednesday,03-08-2022,04:00:00,22.0,45.0,49.0,3.0,15.0,20.0,5.0,51.0
53,Wednesday,03-08-2022,05:00:00,42.5,67.5,39.0,2.0,16.0,28.0,8.0,52.0
54,Wednesday,03-08-2022,06:00:00,63.0,90.0,40.0,2.0,17.0,30.0,9.0,52.0
55,Wednesday,03-08-2022,07:00:00,25.0,47.0,42.0,2.0,15.0,15.0,9.0,52.0
56,Wednesday,03-08-2022,08:00:00,17.0,41.0,16.0,2.0,14.0,18.0,11.0,52.0
57,Wednesday,03-08-2022,09:00:00,19.666666666666668,7.0,56.0,3.0,13.0,10.0,10.0,54.0
58,Wednesday,03-08-2022,10:00:00,22.333333333333332,42.0,54.0,3.0,12.0,6.0,10.0,56.0
59,Wednesday,03-08-2022,11:00:00,25.0,51.0,59.0,3.0,13.0,2.0,18.0,56.0
60,Wednesday,03-08-2022,12:00:00,25.0,53.0,56.0,3.0,15.0,7.857142857142857,21.0,56.0
61,Wednesday,03-08-2022,13:00:00,35.0,68.0,46.0,2.0,16.0,13.714285714285714,27.0,59.0
62,Wednesday,03-08-2022,14:00:00,45.0,83.0,43.0,2.0,15.0,19.57142857142857,22.0,59.0
63,Wednesday,03-08-2022,15:00:00,28.0,51.0,42.0,2.0,13.0,25.428571428571427,27.0,58.0
64,Wednesday,03-08-2022,16:00:00,32.0,62.0,49.0,2.0,12.0,31.285714285714285,29.0,58.0
65,Wednesday,03-08-2022,17:00:00,13.0,53.0,61.0,3.0,11.0,37.14285714285714,14.0,58.0
66,Wednesday,03-08-2022,18:00:00,12.666666666666666,23.0,62.0,3.0,12.0,43.0,6.0,58.0
67,Wednesday,03-08-2022,19:00:00,12.333333333333334,57.0,63.0,3.0,14.0,38.0,5.0,60.0
68,Wednesday,03-08-2022,20:00:00,12.0,74.0,60.0,3.0,15.0,48.0,7.0,60.0
69,Wednesday,03-08-2022,21:00:00,31.0,82.0,47.0,2.0,16.0,50.0,9.0,60.0
70,Wednesday,03-08-2022,22:00:00,50.0,90.0,44.0,2.0,16.0,50.0,11.0,61.0
71,Wednesday,03-08-2022,23:00:00,36.0,45.0,45.0,2.0,15.0,42.0,7.0,61.0
72,Thursday,04-08-2022,00:00:00,22.0,45.0,45.0,2.0,15.0,42.0,7.0,62.0
73,Thursday,04-08-2022,01:00:00,8.0,50.0,48.0,2.0,15.0,40.0,5.5,65.0
74,Thursday,04-08-2022,02:00:00,12.0,31.0,54.0,3.0,14.5,39.0,4.0,66.0
75,Thursday,04-08-2022,03:00:00,12.0,29.0,58.0,3.0,14.0,38.0,4.0,68.0
76,Thursday,04-08-2022,04:00:00,12.0,42.5,54.5,3.0,14.5,36.5,6.5,71.0
77,Thursday,04-08-2022,05:00:00,12.0,56.0,51.0,3.0,15.0,35.0,9.0,72.0
78,Thursday,04-08-2022,06:00:00,28.5,73.0,40.0,2.0,16.0,35.0,8.0,72.0
79,Thursday,04-08-2022,07:00:00,45.0,90.0,40.0,2.0,17.0,35.0,11.0,72.0
80,Thursday,04-08-2022,08:00:00,25.0,52.0,43.0,2.0,15.0,37.0,14.0,72.0
81,Thursday,04-08-2022,09:00:00,20.0,73.0,50.0,2.0,14.0,40.0,21.0,74.0
82,Thursday,04-08-2022,10:00:00,10.0,47.0,62.0,2.0,13.0,35.0,21.0,74.0
83,Thursday,04-08-2022,11:00:00,15.0,40.0,52.0,3.0,12.0,35.0,26.0,74.0
84,Thursday,04-08-2022,12:00:00,97.0,64.0,49.0,3.0,15.0,25.0,25.0,75.0
85,Thursday,04-08-2022,13:00:00,80.0,107.0,53.0,3.0,17.0,40.0,35.0,76.0
86,Thursday,04-08-2022,14:00:00,33.0,59.0,43.0,2.0,17.0,40.0,32.0,74.0
87,Thursday,04-08-2022,15:00:00,27.0,62.0,24.0,3.0,17.0,40.0,41.0,78.0
88,Thursday,04-08-2022,16:00:00,35.0,61.0,33.0,2.0,16.0,43.0,37.0,80.0
89,Thursday,04-08-2022,17:00:00,33.0,63.0,34.0,3.0,15.0,47.0,40.0,81.0
90,Thursday,04-08-2022,18:00:00,23.0,55.0,43.0,3.0,13.0,40.0,20.0,82.0
91,Thursday,04-08-2022,19:00:00,27.0,57.0,53.0,3.0,12.0,42.0,4.0,82.0
92,Thursday,04-08-2022,20:00:00,31.0,59.0,54.0,3.0,14.0,50.0,11.0,83.0
93,Thursday,04-08-2022,21:00:00,35.0,77.0,54.0,3.0,16.0,55.0,6.0,85.0
94,Thursday,04-08-2022,22:00:00,58.0,80.0,45.0,2.0,18.0,60.0,8.0,87.0
95,Thursday,04-08-2022,23:00:00,80.0,111.0,44.0,2.0,19.0,47.0,9.0,88.0
96,Friday,05-08-2022,00:00:00,129.0,121.0,57.0,2.0,17.916666666666668,11.0,11.0,88.0
97,Friday,05-08-2022,01:00:00,52.0,101.0,48.0,2.0,16.833333333333332,18.0,10.0,88.0
98,Friday,05-08-2022,02:00:00,34.0,78.0,46.0,2.0,15.75,20.0,21.0,85.0
99,Friday,05-08-2022,03:00:00,35.0,53.0,56.0,3.0,14.666666666666668,5.0,13.0,84.0
100,Friday,05-08-2022,04:00:00,18.0,36.0,57.0,4.0,13.583333333333334,5.0,10.0,85.0
101,Friday,05-08-2022,05:00:00,28.0,68.0,60.0,4.0,12.5,5.0,4.0,86.0
102,Friday,05-08-2022,06:00:00,53.0,86.0,55.0,4.0,11.416666666666668,3.0,4.0,86.0
103,Friday,05-08-2022,07:00:00,65.0,84.0,41.0,3.0,10.333333333333334,25.0,8.0,87.0
104,Friday,05-08-2022,08:00:00,114.0,104.0,42.0,3.0,9.25,32.0,12.0,90.0
105,Friday,05-08-2022,09:00:00,72.0,113.0,46.0,2.0,8.166666666666668,38.0,15.0,91.0
106,Friday,05-08-2022,10:00:00,50.0,107.0,52.0,2.0,7.083333333333334,35.0,20.0,91.0
107,Friday,05-08-2022,11:00:00,35.0,80.0,64.0,3.0,6.0,38.0,24.0,92.0
108,Friday,05-08-2022,12:00:00,19.0,74.0,66.0,4.0,10.0,38.0,18.0,93.0
109,Friday,05-08-2022,13:00:00,59.0,98.0,57.0,4.0,8.0,26.0,13.0,93.0
110,Friday,05-08-2022,14:00:00,52.0,75.0,54.0,4.0,8.0,31.0,43.0,92.0
111,Friday,05-08-2022,15:00:00,86.0,100.0,47.0,4.0,12.0,33.0,40.0,91.0
112,Friday,05-08-2022,16:00:00,230.0,142.0,49.0,5.0,12.0,28.0,36.0,90.0
113,Friday,05-08-2022,17:00:00,62.0,83.0,46.0,3.0,14.0,22.0,24.0,90.0
114,Friday,05-08-2022,18:00:00,28.0,68.0,50.0,3.0,13.0,25.0,18.0,89.0
115,Friday,05-08-2022,19:00:00,35.0,62.0,67.0,3.0,10.0,32.0,9.0,86.0
116,Friday,05-08-2022,20:00:00,27.666666666666668,58.5,67.0,4.0,9.5,34.5,6.5,84.0
117,Friday,05-08-2022,21:00:00,20.333333333333336,55.0,67.0,5.0,9.0,37.0,4.0,82.0
118,Friday,05-08-2022,22:00:00,13.0,57.0,60.0,5.0,10.0,38.0,7.0,83.0
119,Friday,05-08-2022,23:00:00,73.0,66.0,54.0,4.0,11.5,29.0,9.5,84.0
120,Saturday,06-08-2022,00:00:00,133.0,75.0,48.0,3.0,13.0,20.0,12.0,82.0
121,Saturday,06-08-2022,01:00:00,94.66666666666666,62.666666666666664,48.666666666666664,3.0,11.75,17.5,12.666666666666666,81.0
122,Saturday,06-08-2022,02:00:00,56.33333333333333,50.33333333333333,49.333333333333336,3.0,10.5,15.0,13.333333333333334,81.0
123,Saturday,06-08-2022,03:00:00,18.0,38.0,50.0,3.0,9.25,12.5,14.0,80.0
124,Saturday,06-08-2022,04:00:00,10.0,46.0,57.0,4.0,8.0,10.0,9.0,83.0
125,Saturday,06-08-2022,05:00:00,21.5,54.0,56.0,4.0,10.5,12.5,9.0,83.0
126,Saturday,06-08-2022,06:00:00,33.0,62.0,55.0,4.0,13.0,15.0,9.0,82.0
127,Saturday,06-08-2022,07:00:00,71.5,64.5,49.0,3.5,14.0,22.5,10.0,82.0
128,Saturday,06-08-2022,08:00:00,110.0,67.0,43.0,3.0,15.0,30.0,11.0,80.0
129,Saturday,06-08-2022,09:00:00,28.0,75.0,44.0,2.0,72.0,33.0,12.0,78.0
130,Saturday,06-08-2022,10:00:00,30.0,65.5,50.0,2.5,59.0,36.5,9.0,76.0
131,Saturday,06-08-2022,11:00:00,32.0,56.0,56.0,3.0,46.0,40.0,6.0,74.0
132,Saturday,06-08-2022,12:00:00,41.333333333333336,63.333333333333336,58.5,3.5,31.5,32.5,11.0,77.0
133,Saturday,06-08-2022,13:00:00,50.66666666666667,70.66666666666667,61.0,4.0,17.0,25.0,16.0,80.0
134,Saturday,06-08-2022,14:00:00,60.0,78.0,62.0,4.0,29.0,30.0,24.0,77.0
135,Saturday,06-08-2022,15:00:00,70.0,113.0,60.0,4.0,33.0,38.0,26.0,74.0
136,Saturday,06-08-2022,16:00:00,55.0,88.5,57.5,3.0,26.0,29.0,22.0,72.0
137,Saturday,06-08-2022,17:00:00,40.0,64.0,55.0,4.0,19.0,20.0,18.0,70.0
138,Saturday,06-08-2022,18:00:00,33.5,51.0,57.5,4.0,15.0,30.0,14.0,68.5
139,Saturday,06-08-2022,19:00:00,27.0,38.0,60.0,4.0,11.0,40.0,10.0,67.0
140,Saturday,06-08-2022,20:00:00,12.0,28.0,61.0,5.0,7.0,32.0,11.0,66.0
141,Saturday,06-08-2022,21:00:00,7.0,58.0,58.0,5.0,17.0,38.0,7.0,66.0
142,Saturday,06-08-2022,22:00:00,22.0,63.0,52.0,5.0,20.0,57.0,6.0,69.0
143,Saturday,06-08-2022,23:00:00,40.0,85.0,52.0,5.0,33.0,70.0,6.0,71.0
144,Sunday,07-08-2022,00:00:00,39.333333333333336,83.66666666666667,51.666666666666664,4.666666666666667,25.666666666666668,58.0,5.875,69.6923076923077
145,Sunday,07-08-2022,01:00:00,38.666666666666664,82.33333333333333,51.333333333333336,4.333333333333333,18.333333333333336,46.0,5.75,68.38461538461539
146,Sunday,07-08-2022,02:00:00,38.0,81.0,51.0,4.0,11.0,34.0,5.625,67.07692307692308
147,Sunday,07-08-2022,03:00:00,32.5,63.0,51.0,4.0,10.75,22.0,5.5,65.76923076923077
148,Sunday,07-08-2022,04:00:00,27.0,45.0,51.0,4.0,10.5,10.0,5.375,64.46153846153847
149,Sunday,07-08-2022,05:00:00,24.5,70.0,49.5,4.5,10.25,9.0,5.25,63.15384615384615
150,Sunday,07-08-2022,06:00:00,22.0,95.0,48.0,5.0,10.0,8.0,5.125,61.84615384615385
151,Sunday,07-08-2022,07:00:00,69.5,104.0,47.0,4.5,19.5,21.5,5.0,60.53846153846154
152,Sunday,07-08-2022,08:00:00,117.0,113.0,46.0,4.0,29.0,35.0,15.0,59.230769230769226
153,Sunday,07-08-2022,09:00:00,45.0,70.0,49.0,4.0,15.0,35.0,25.0,57.92307692307692
154,Sunday,07-08-2022,10:00:00,42.0,80.0,51.0,3.0,13.0,30.0,14.0,56.61538461538461
155,Sunday,07-08-2022,11:00:00,20.0,52.0,55.0,3.0,10.0,22.0,15.0,55.30769230769231
156,Sunday,07-08-2022,12:00:00,10.0,46.5,53.0,5.0,2.0,20.0,54.0,54.0
157,Sunday,07-08-2022,13:00:00,5.0,41.0,52.0,4.0,12.0,28.0,24.0,69.0
158,Sunday,07-08-2022,14:00:00,93.0,61.0,48.0,4.0,14.0,33.0,50.5,68.0
159,Sunday,07-08-2022,15:00:00,47.0,99.0,43.0,3.0,17.0,25.0,77.0,67.0
160,Sunday,07-08-2022,16:00:00,58.0,77.0,42.0,4.0,18.0,43.0,69.8,68.0
161,Sunday,07-08-2022,17:00:00,58.0,62.0,48.0,4.0,16.0,43.0,62.6,68.0
162,Sunday,07-08-2022,18:00:00,60.0,74.0,46.0,3.0,14.0,47.0,55.4,68.0
163,Sunday,07-08-2022,19:00:00,50.0,78.0,49.0,4.0,12.0,52.0,48.2,70.0
164,Sunday,07-08-2022,20:00:00,40.0,48.0,49.0,4.0,10.0,47.0,41.0,71.0
165,Sunday,07-08-2022,21:00:00,45.0,61.0,54.0,5.0,13.0,47.0,18.0,71.0
166,Sunday,07-08-2022,22:00:00,40.0,94.0,52.0,5.0,14.0,58.0,9.0,73.0
167,Sunday,07-08-2022,23:00:00,47.5,101.5,54.0,5.0,14.0,70.0,12.0,72.0
168,Sunday,07-08-2022,00:00:00,55.0,109.0,45.0,4.0,15.0,42.0,13.0,76.0
169,Monday,08-08-2022,01:00:00,33.0,108.0,42.0,4.0,11.0,27.0,10.5,75.0
170,Monday,08-08-2022,02:00:00,38.0,104.0,50.0,4.0,11.666666666666666,31.333333333333332,8.0,72.0
171,Monday,08-08-2022,03:00:00,26.5,101.5,46.0,4.5,12.333333333333334,35.666666666666664,10.5,69.0
172,Monday,08-08-2022,04:00:00,15.0,99.0,42.0,5.0,13.0,40.0,13.0,65.0
173,Monday,08-08-2022,05:00:00,38.0,111.0,43.0,5.0,15.0,37.0,13.0,62.0
174,Monday,08-08-2022,06:00:00,39.0,88.0,40.0,5.0,18.0,48.0,19.0,60.0
175,Monday,08-08-2022,07:00:00,123.0,122.0,38.0,4.0,21.0,47.0,14.0,58.0
176,Monday,08-08-2022,08:00:00,85.0,121.0,40.5,4.0,17.0,42.0,23.0,58.0
177,Monday,08-08-2022,09:00:00,47.0,120.0,43.0,4.0,13.0,37.0,32.0,60.0
178,Monday,08-08-2022,10:00:00,46.6,86.0,49.0,4.0,10.5,31.0,26.5,58.0
179,Monday,08-08-2022,11:00:00,46.2,52.0,55.0,4.0,8.0,25.0,21.0,60.0
180,Monday,08-08-2022,12:00:00,45.8,18.0,56.0,5.0,12.0,32.0,19.0,60.0
181,Monday,08-08-2022,13:00:00,45.4,24.0,55.0,5.0,15.0,35.0,26.5,62.0
182,Monday,08-08-2022,14:00:00,45.0,30.0,54.0,5.0,18.0,38.0,34.0,68.0
183,Monday,08-08-2022,15:00:00,30.0,29.5,51.5,4.5,18.5,34.0,34.5,86.0
184,Monday,08-08-2022,16:00:00,15.0,29.0,49.0,4.0,19.0,30.0,35.0,86.0
185,Monday,08-08-2022,17:00:00,15.0,25.0,50.0,4.0,17.0,33.0,38.0,91.0
186,Monday,08-08-2022,18:00:00,20.0,47.0,55.0,3.0,15.0,43.0,29.0,102.0
187,Monday,08-08-2022,19:00:00,18.0,30.0,62.0,4.0,12.0,52.0,53.0,105.0
188,Monday,08-08-2022,20:00:00,17.0,68.0,60.0,5.0,12.0,63.0,70.0,82.0
189,Monday,08-08-2022,21:00:00,17.0,78.0,56.0,5.0,12.0,70.0,85.0,82.0
190,Monday,08-08-2022,22:00:00,43.0,100.0,52.0,5.0,15.0,67.0,46.0,82.0
191,Monday,08-08-2022,23:00:00,39.0,98.0,50.0,4.5,14.5,49.5,31.5,72.0
192,Tuesday,09-08-2022,00:00:00,35.0,96.0,48.0,4.0,14.0,32.0,17.0,74.0
193,Tuesday,09-08-2022,01:00:00,23.0,52.0,46.0,4.0,11.0,20.0,13.5,75.0
194,Tuesday,09-08-2022,02:00:00,17.0,58.0,52.0,3.0,8.0,25.0,10.0,77.0
195,Tuesday,09-08-2022,03:00:00,8.0,6.0,48.0,4.0,5.0,30.0,10.0,75.81818181818181
196,Tuesday,09-08-2022,04:00:00,43.5,47.0,46.0,5.0,14.0,30.0,13.0,74.63636363636364
197,Tuesday,09-08-2022,05:00:00,79.0,63.0,46.0,5.0,16.0,30.0,13.0,73.45454545454545
198,Tuesday,09-08-2022,06:00:00,114.5,90.5,44.0,4.5,19.0,37.5,36.5,72.27272727272727
199,Tuesday,09-08-2022,07:00:00,150.0,118.0,42.0,4.0,22.0,45.0,60.0,71.0909090909091
200,Tuesday,09-08-2022,08:00:00,38.0,92.0,46.0,4.0,15.0,43.0,43.0,69.9090909090909
201,Tuesday,09-08-2022,09:00:00,43.0,85.0,52.0,3.0,13.0,47.0,67.0,68.72727272727272
202,Tuesday,09-08-2022,10:00:00,67.0,92.0,60.0,3.0,8.0,42.0,108.0,67.54545454545455
203,Tuesday,09-08-2022,11:00:00,67.33333333333333,91.66666666666667,59.0,3.3333333333333335,9.666666666666666,37.0,110.33333333333333,66.36363636363636
204,Tuesday,09-08-2022,12:00:00,67.66666666666667,91.33333333333333,58.0,3.6666666666666665,11.333333333333334,32.0,112.66666666666667,65.18181818181819
205,Tuesday,09-08-2022,13:00:00,68.0,91.0,57.0,4.0,13.0,27.0,115.0,64.0
206,Tuesday,09-08-2022,14:00:00,70.0,88.0,56.0,4.0,16.0,32.0,120.0,62.81818181818181
207,Tuesday,09-08-2022,15:00:00,63.25,83.25,54.75,3.75,15.75,37.75,109.5,61.63636363636363
208,Tuesday,09-08-2022,16:00:00,56.5,78.5,53.5,3.5,15.5,43.5,99.0,60.45454545454545
209,Tuesday,09-08-2022,17:00:00,49.75,73.75,52.25,3.25,15.25,49.25,88.5,59.27272727272727
210,Tuesday,09-08-2022,18:00:00,43.0,69.0,51.0,3.0,15.0,55.0,78.0,58.09090909090909
211,Tuesday,09-08-2022,19:00:00,37.0,50.0,57.0,4.0,11.0,55.0,15.0,56.90909090909091
212,Tuesday,09-08-2022,20:00:00,35.0,59.5,54.0,4.0,13.5,61.5,21.0,55.72727272727273
213,Tuesday,09-08-2022,21:00:00,33.0,69.0,51.0,4.0,16.0,68.0,27.0,54.54545454545455
214,Tuesday,09-08-2022,22:00:00,43.0,77.0,48.0,5.0,18.0,85.0,33.0,53.36363636363636
215,Tuesday,09-08-2022,23:00:00,187.0,109.0,39.0,4.0,24.0,78.0,14.0,52.18181818181818
216,Wednesday,10-08-2022,00:00:00,107.0,103.0,37.0,2.0,20.0,60.0,17.25,51.0
217,Wednesday,10-08-2022,01:00:00,40.0,92.0,35.0,2.0,19.0,47.0,20.5,50.0
218,Wednesday,10-08-2022,02:00:00,50.0,68.0,39.0,3.0,15.0,50.0,23.75,51.0
219,Wednesday,10-08-2022,03:00:00,44.0,67.0,37.0,3.0,9.0,46.0,27.0,52.0
220,Wednesday,10-08-2022,04:00:00,38.0,58.0,36.0,2.0,10.0,39.0,24.0,53.0
221,Wednesday,10-08-2022,05:00:00,43.0,64.0,36.0,2.0,10.0,24.0,26.0,53.0
222,Wednesday,10-08-2022,06:00:00,48.0,80.0,37.0,3.0,10.0,48.0,19.0,53.0
223,Wednesday,10-08-2022,07:00:00,52.0,70.0,34.0,3.0,9.0,48.0,18.0,54.0
224,Wednesday,10-08-2022,08:00:00,47.0,55.0,36.0,2.0,19.0,48.0,13.0,56.0
225,Wednesday,10-08-2022,09:00:00,45.0,70.0,41.0,2.0,15.0,52.0,29.0,56.0
226,Wednesday,10-08-2022,10:00:00,35.0,85.0,54.0,3.0,12.0,60.0,23.0,52.0
227,Wednesday,10-08-2022,11:00:00,30.75,51.0,60.0,3.0,10.0,53.0,25.0,52.0
228,Wednesday,10-08-2022,12:00:00,26.5,50.0,58.0,2.6666666666666665,11.666666666666666,43.666666666666664,37.333333333333336,52.22222222222222
229,Wednesday,10-08-2022,13:00:00,22.25,49.0,56.0,2.3333333333333335,13.333333333333334,34.33333333333333,49.66666666666667,52.44444444444444
230,Wednesday,10-08-2022,14:00:00,18.0,48.0,54.0,2.0,15.0,25.0,62.0,52.666666666666664
231,Wednesday,10-08-2022,15:00:00,30.5,62.5,52.0,2.0,15.5,22.5,69.0,52.888888888888886
232,Wednesday,10-08-2022,16:00:00,43.0,77.0,50.0,2.0,16.0,20.0,76.0,53.111111111111114
233,Wednesday,10-08-2022,17:00:00,28.0,61.0,53.5,2.0,13.5,26.5,78.5,53.333333333333336
234,Wednesday,10-08-2022,18:00:00,13.0,45.0,57.0,2.0,11.0,33.0,81.0,53.55555555555556
235,Wednesday,10-08-2022,19:00:00,14.333333333333334,50.0,62.5,2.5,10.5,41.5,51.5,53.77777777777778
236,Wednesday,10-08-2022,20:00:00,15.666666666666666,55.0,68.0,3.0,10.0,50.0,22.0,54.0
237,Wednesday,10-08-2022,21:00:00,17.0,64.0,68.0,3.0,13.0,45.0,28.0,55.0
238,Wednesday,10-08-2022,22:00:00,30.0,59.0,62.0,2.0,17.0,48.0,29.0,55.0
239,Wednesday,10-08-2022,23:00:00,57.0,69.0,56.0,2.0,18.0,38.0,29.0,57.0
240,Thursday,11-08-2022,00:00:00,40.0,71.0,32.5,5.5,11.0,43.0,20.5,59.0
241,Thursday,11-08-2022,01:00:00,23.0,73.0,9.0,9.0,4.0,48.0,12.0,59.333333333333336
242,Thursday,11-08-2022,02:00:00,21.5,56.5,10.0,9.666666666666666,4.0,51.6,11.73913043478261,59.666666666666664
243,Thursday,11-08-2022,03:00:00,20.0,40.0,11.0,10.333333333333334,4.0,55.2,11.478260869565217,60.0
244,Thursday,11-08-2022,04:00:00,15.0,44.0,12.0,11.0,4.0,58.8,11.217391304347826,60.333333333333336
245,Thursday,11-08-2022,05:00:00,12.0,30.0,9.0,10.0,5.0,62.4,10.956521739130435,60.666666666666664
246,Thursday,11-08-2022,06:00:00,13.0,36.0,6.0,9.0,5.0,66.0,10.695652173913043,61.0
247,Thursday,11-08-2022,07:00:00,20.0,40.0,4.0,9.0,3.0,61.0,10.434782608695652,59.0
248,Thursday,11-08-2022,08:00:00,19.333333333333332,41.333333333333336,3.6666666666666665,10.0,3.0,59.5,10.173913043478262,59.0
249,Thursday,11-08-2022,09:00:00,18.666666666666668,42.666666666666664,3.3333333333333335,11.0,3.0,58.0,9.91304347826087,59.0
250,Thursday,11-08-2022,10:00:00,18.0,44.0,3.0,12.0,3.0,56.5,9.652173913043478,59.0
251,Thursday,11-08-2022,11:00:00,18.0,41.0,5.0,13.0,4.0,55.0,9.391304347826086,59.0
252,Thursday,11-08-2022,12:00:00,19.25,39.25,6.75,12.0,5.0,54.4,9.130434782608695,59.0
253,Thursday,11-08-2022,13:00:00,20.5,37.5,8.5,11.0,6.0,53.8,8.869565217391305,59.0
254,Thursday,11-08-2022,14:00:00,21.75,35.75,10.25,10.0,7.0,53.2,8.608695652173914,59.0
255,Thursday,11-08-2022,15:00:00,23.0,34.0,12.0,9.0,8.0,52.6,8.347826086956522,59.0
256,Thursday,11-08-2022,16:00:00,27.0,42.0,10.0,9.0,6.0,52.0,8.08695652173913,61.0
257,Thursday,11-08-2022,17:00:00,20.0,47.0,8.0,10.0,5.0,52.0,7.826086956521739,62.0
258,Thursday,11-08-2022,18:00:00,18.0,47.0,17.0,12.0,5.0,52.0,7.565217391304348,60.0
259,Thursday,11-08-2022,19:00:00,18.0,66.0,11.0,14.0,4.0,52.0,7.304347826086957,57.0
260,Thursday,11-08-2022,20:00:00,15.0,63.0,13.0,11.0,4.0,51.0,7.043478260869565,54.0
261,Thursday,11-08-2022,21:00:00,23.0,70.0,15.0,10.0,3.0,49.0,6.782608695652174,54.0
262,Thursday,11-08-2022,22:00:00,32.0,72.0,15.0,9.0,2.0,50.0,6.521739130434783,53.0
263,Thursday,11-08-2022,23:00:00,22.0,69.0,14.0,9.0,2.0,50.0,6.260869565217392,53.0
264,Friday,12-08-2022,00:00:00,33.0,64.0,12.0,9.0,2.0,45.0,6.0,51.0
265,Friday,12-08-2022,01:00:00,27.0,56.0,15.0,10.0,2.0,45.0,4.0,50.0
266,Friday,12-08-2022,02:00:00,33.0,64.0,14.0,12.0,2.0,45.0,5.0,51.0
267,Friday,12-08-2022,03:00:00,45.0,66.0,12.0,11.5,2.5,45.0,6.0,50.0
268,Friday,12-08-2022,04:00:00,45.0,62.0,10.0,11.0,3.0,45.0,5.0,52.0
269,Friday,12-08-2022,05:00:00,78.0,79.0,12.0,10.0,4.0,43.0,4.0,53.0
270,Friday,12-08-2022,06:00:00,40.0,59.0,81.0,6.0,18.0,20.0,40.0,52.0
271,Friday,12-08-2022,07:00:00,44.0,55.0,28.0,9.0,40.0,22.0,7.0,53.0
272,Friday,12-08-2022,08:00:00,36.0,52.0,29.0,9.0,39.0,21.0,7.0,52.0
273,Friday,12-08-2022,09:00:00,40.0,52.0,30.0,9.0,37.0,31.0,8.0,53.0
274,Friday,12-08-2022,10:00:00,36.0,51.0,30.0,9.0,35.0,30.0,8.0,53.0
275,Friday,12-08-2022,11:00:00,34.0,51.0,34.0,9.0,40.0,34.0,7.0,54.0
276,Friday,12-08-2022,12:00:00,36.0,51.0,34.0,9.0,45.0,35.0,8.0,54.0
277,Friday,12-08-2022,13:00:00,36.0,49.0,37.0,9.0,24.0,29.0,7.0,54.0
278,Friday,12-08-2022,14:00:00,34.0,45.0,30.0,9.0,3.0,23.0,6.0,54.0
279,Friday,12-08-2022,15:00:00,31.0,49.0,50.0,20.5,4.0,27.0,5.0,53.0
280,Friday,12-08-2022,16:00:00,32.0,50.0,21.0,32.0,4.0,26.0,4.0,53.0
281,Friday,12-08-2022,17:00:00,34.0,43.0,20.0,17.0,5.0,28.0,5.0,53.0
282,Friday,12-08-2022,18:00:00,39.0,46.0,13.0,11.0,5.0,19.0,5.0,58.0
283,Friday,12-08-2022,19:00:00,39.0,45.0,18.0,17.0,6.0,78.0,5.0,68.0
284,Friday,12-08-2022,20:00:00,22.0,55.0,14.0,11.0,4.0,43.0,12.0,60.0
285,Friday,12-08-2022,21:00:00,20.0,53.0,20.0,10.0,4.0,55.0,12.0,62.0
286,Friday,12-08-2022,22:00:00,30.0,81.0,19.0,9.0,4.0,52.0,6.0,63.0
287,Friday,12-08-2022,23:00:00,32.0,61.0,16.0,8.0,6.0,43.0,8.0,60.0
288,Friday,12-08-2022,00:00:00,27.75,30.0,40.0,8.307692307692308,4.0,50.0,42.0,58.833333333333336
289,Saturday,08-13-2022,01:00:00,23.5,23.0,39.0,8.615384615384615,11.0,27.0,43.0,57.666666666666664
290,Saturday,08-13-2022,02:00:00,19.25,24.0,37.0,8.923076923076923,11.0,28.0,47.0,56.5
291,Saturday,08-13-2022,03:00:00,15.0,36.0,61.0,9.23076923076923,10.5,28.0,51.0,55.333333333333336
292,Saturday,08-13-2022,04:00:00,25.0,44.0,72.0,9.538461538461538,10.0,28.0,46.0,54.166666666666664
293,Saturday,08-13-2022,05:00:00,30.0,44.0,55.33333333333333,9.846153846153847,9.5,34.25,54.0,53.0
294,Saturday,08-13-2022,06:00:00,38.0,48.0,38.666666666666664,10.153846153846153,9.0,40.5,44.0,51.83333333333333
295,Saturday,08-13-2022,07:00:00,37.0,47.0,22.0,10.461538461538462,8.5,46.75,30.0,50.666666666666664
296,Saturday,08-13-2022,08:00:00,12.0,41.0,42.0,10.76923076923077,8.0,53.0,37.0,49.5
297,Saturday,08-13-2022,09:00:00,17.0,39.0,38.0,11.076923076923077,12.0,32.0,35.0,48.33333333333333
298,Saturday,08-13-2022,10:00:00,28.0,62.0,40.0,11.384615384615385,12.0,30.0,44.0,47.166666666666664
299,Saturday,08-13-2022,11:00:00,25.0,50.0,48.0,11.692307692307693,14.0,33.0,61.0,46.0
300,Saturday,08-13-2022,12:00:00,32.0,58.0,45.0,12.0,14.0,30.0,72.0,47.0
301,Saturday,08-13-2022,13:00:00,28.0,40.0,35.0,4.0,15.0,33.0,73.0,50.0
302,Saturday,08-13-2022,14:00:00,17.0,53.0,39.0,4.0,16.0,33.0,77.0,53.0
303,Saturday,08-13-2022,15:00:00,27.0,50.0,34.0,5.0,17.0,32.0,74.0,56.0
304,Saturday,08-13-2022,16:00:00,30.0,40.0,38.0,5.0,18.0,28.0,83.0,62.0
305,Saturday,08-13-2022,17:00:00,13.0,35.0,29.0,4.0,14.0,30.0,95.0,68.0
306,Saturday,08-13-2022,18:00:00,18.0,39.0,36.0,3.0,12.0,35.0,79.0,72.0
307,Saturday,08-13-2022,19:00:00,22.0,50.0,45.0,3.0,11.0,40.0,58.0,73.0
308,Saturday,08-13-2022,20:00:00,35.0,57.0,50.0,2.0,14.0,48.0,40.0,75.0
309,Saturday,08-13-2022,21:00:00,25.0,30.0,54.0,2.0,13.0,57.0,24.0,72.0
310,Saturday,08-13-2022,22:00:00,38.0,63.0,54.0,2.0,15.0,60.0,12.0,67.0
311,Saturday,08-13-2022,23:00:00,40.0,73.0,48.0,2.0,15.0,60.0,11.0,53.0
312,Sunday,08-14-2022,00:00:00,38.0,74.0,44.0,2.0,16.0,65.0,11.0,47.0
313,Sunday,08-14-2022,01:00:00,28.0,59.0,42.0,2.0,14.0,50.0,11.0,49.0
314,Sunday,08-14-2022,02:00:00,30.0,56.0,38.0,2.0,13.0,48.0,10.0,51.0
315,Sunday,08-14-2022,03:00:00,33.0,52.0,41.0,2.0,13.5,39.0,9.0,54.0
316,Sunday,08-14-2022,04:00:00,22.0,45.0,38.0,2.0,14.0,30.0,11.0,52.0
317,Sunday,08-14-2022,05:00:00,18.0,35.0,42.0,2.0,15.0,25.0,11.0,50.0
318,Sunday,08-14-2022,06:00:00,15.0,36.0,41.0,2.0,14.0,20.0,14.0,49.0
319,Sunday,08-14-2022,07:00:00,15.0,34.0,39.0,2.0,15.0,27.0,21.0,49.0
320,Sunday,08-14-2022,08:00:00,10.0,22.0,40.0,2.0,14.0,25.0,23.0,48.0
321,Sunday,08-14-2022,09:00:00,10.0,34.0,42.0,2.0,14.0,25.0,30.0,48.0
322,Sunday,08-14-2022,10:00:00,13.0,46.0,44.0,2.0,13.0,25.0,40.0,47.0
323,Sunday,08-14-2022,11:00:00,15.0,41.0,47.0,2.0,13.0,30.0,65.0,47.0
324,Sunday,08-14-2022,12:00:00,15.0,48.0,49.0,3.0,14.0,30.0,74.0,47.0
325,Sunday,08-14-2022,13:00:00,50.0,111.0,52.0,6.0,12.8,28.0,96.0,46.0
326,Sunday,08-14-2022,14:00:00,53.0,84.0,42.75,6.5,11.6,22.0,88.0,49.0
327,Sunday,08-14-2022,15:00:00,58.0,58.0,33.5,7.0,10.4,24.666666666666668,71.0,54.666666666666664
328,Sunday,08-14-2022,16:00:00,43.0,48.0,24.25,7.5,9.2,27.333333333333332,47.5,60.333333333333336
329,Sunday,08-14-2022,17:00:00,28.0,38.0,15.0,8.0,8.0,30.0,24.0,66.0
330,Sunday,08-14-2022,18:00:00,51.0,39.0,16.0,11.0,17.0,34.0,42.0,65.0
331,Sunday,08-14-2022,19:00:00,49.0,41.0,17.0,10.0,24.0,36.0,42.0,64.0
332,Sunday,08-14-2022,20:00:00,46.0,44.0,14.0,9.0,18.0,37.0,41.0,63.0
333,Sunday,08-14-2022,21:00:00,40.0,51.0,16.0,9.0,17.0,47.0,41.0,63.0
334,Sunday,08-14-2022,22:00:00,71.0,76.0,15.0,10.0,16.0,50.0,42.0,63.0
335,Sunday,08-14-2022,23:00:00,67.0,66.0,14.0,9.0,11.0,53.0,41.0,63.0
336,Monday,08-15-2022,00:00:00,56.0,62.0,17.0,8.0,9.0,56.0,41.0,60.0
337,Monday,08-15-2022,01:00:00,58.0,59.0,17.0,9.0,15.0,47.0,41.0,59.0
338,Monday,08-15-2022,02:00:00,57.0,59.0,15.0,6.0,21.0,40.0,42.0,58.0
339,Monday,08-15-2022,03:00:00,70.0,63.0,12.0,11.0,20.0,34.0,42.0,58.0
340,Monday,08-15-2022,04:00:00,66.0,58.0,10.0,9.0,11.5,28.0,42.0,58.0
341,Monday,08-15-2022,05:00:00,61.0,51.0,10.0,8.0,3.0,22.0,42.0,58.0
342,Monday,08-15-2022,06:00:00,37.0,36.0,14.0,9.0,2.0,17.0,42.0,58.0
343,Monday,08-15-2022,07:00:00,26.0,26.0,15.0,10.0,10.0,19.0,46.0,58.0
344,Monday,08-15-2022,08:00:00,21.0,27.0,14.0,7.0,14.0,17.0,44.0,57.0
345,Monday,08-15-2022,09:00:00,26.0,32.0,14.0,10.0,15.0,15.0,42.0,57.0
346,Monday,08-15-2022,10:00:00,30.0,36.5,15.0,12.5,15.0,15.0,42.0,58.0
347,Monday,08-15-2022,11:00:00,34.0,41.0,16.0,15.0,15.0,15.0,42.0,57.0
348,Monday,08-15-2022,12:00:00,29.0,37.0,16.0,7.0,20.0,18.0,40.0,55.0
349,Monday,08-15-2022,13:00:00,26.0,34.0,16.0,7.0,17.0,17.0,42.0,52.0
350,Monday,08-15-2022,14:00:00,24.0,28.0,16.0,8.0,16.0,23.0,41.0,48.0
351,Monday,08-15-2022,15:00:00,21.0,29.0,14.0,10.0,16.0,25.0,42.0,47.0
352,Monday,08-15-2022,16:00:00,27.0,33.0,16.0,9.0,8.0,19.0,41.0,46.0
353,Monday,08-15-2022,17:00:00,31.0,32.0,17.0,13.0,12.0,16.0,42.0,46.0
354,Monday,08-15-2022,18:00:00,19.0,25.0,13.0,18.0,13.0,16.0,42.0,45.0
355,Monday,08-15-2022,19:00:00,22.0,17.0,11.0,9.0,12.0,20.0,41.0,44.0
356,Monday,08-15-2022,20:00:00,31.0,29.0,16.0,9.0,11.0,26.0,42.0,43.0
357,Monday,08-15-2022,21:00:00,57.0,52.0,12.0,10.0,13.0,52.0,42.0,42.0
358,Monday,08-15-2022,22:00:00,109.0,92.0,14.0,8.0,19.0,56.0,40.0,43.0
359,Monday,08-15-2022,23:00:00,113.0,102.0,17.0,6.0,19.0,59.0,36.0,45.0
360,Tuesday,08-16-2022,00:00:00,59.0,70.0,13.0,8.0,20.0,49.0,43.0,45.0
361,Tuesday,08-16-2022,01:00:00,41.0,52.0,14.0,10.0,16.0,38.0,42.0,45.0
362,Tuesday,08-16-2022,02:00:00,46.0,44.0,12.0,9.0,13.0,30.0,41.0,44.0
363,Tuesday,08-16-2022,03:00:00,39.0,41.0,15.0,12.0,12.0,22.0,42.0,42.0
364,Tuesday,08-16-2022,04:00:00,42.0,44.0,14.0,9.0,12.0,17.0,42.0,42.0
365,Tuesday,08-16-2022,05:00:00,26.0,32.0,14.0,9.0,21.0,12.0,42.0,41.0
366,Tuesday,08-16-2022,06:00:00,28.0,32.0,16.0,7.0,26.0,11.0,41.0,42.0
367,Tuesday,08-16-2022,07:00:00,32.0,35.0,10.0,7.0,22.0,12.0,41.0,42.0
368,Tuesday,08-16-2022,08:00:00,33.0,39.0,16.0,10.0,19.0,14.0,39.0,42.0
369,Tuesday,08-16-2022,09:00:00,34.0,44.0,17.0,9.0,26.0,19.0,43.0,43.0
370,Tuesday,08-16-2022,10:00:00,31.0,48.0,18.0,12.0,35.0,25.0,45.0,43.0
371,Tuesday,08-16-2022,11:00:00,32.0,54.0,18.0,13.0,24.0,26.0,52.0,44.0
372,Tuesday,08-16-2022,12:00:00,33.0,56.0,17.0,7.0,16.0,26.0,43.0,42.0
373,Tuesday,08-16-2022,13:00:00,33.0,58.0,16.0,11.0,11.0,44.0,42.0,45.0
374,Tuesday,08-16-2022,14:00:00,25.333333333333332,66.5,71.0,27.0,14.0,62.0,24.0,43.0
375,Tuesday,08-16-2022,15:00:00,17.666666666666664,75.0,32.0,8.0,17.0,45.0,39.0,44.0
376,Tuesday,08-16-2022,16:00:00,10.0,47.0,30.0,7.0,18.0,12.0,42.0,46.0
377,Tuesday,08-16-2022,17:00:00,7.0,50.0,35.0,7.0,13.0,32.0,35.0,46.0
378,Tuesday,08-16-2022,18:00:00,5.75,6.0,41.0,7.0,11.0,38.0,19.0,44.0
379,Tuesday,08-16-2022,19:00:00,4.5,22.0,43.0,7.0,12.0,32.0,15.0,42.0
380,Tuesday,08-16-2022,20:00:00,3.25,31.0,46.0,6.0,12.0,35.0,14.0,42.0
381,Tuesday,08-16-2022,21:00:00,2.0,39.0,40.0,6.0,16.0,35.0,21.0,41.0
382,Tuesday,08-16-2022,22:00:00,6.0,40.5,36.0,5.0,16.0,37.0,19.0,43.0
383,Tuesday,08-16-2022,23:00:00,10.0,42.0,35.0,4.0,18.0,33.0,21.0,45.0
384,Wednesday,08-16-2022,00:00:00,10.0,41.0,37.0,4.0,13.0,30.0,25.0,45.0
385,Wednesday,08-17-2022,01:00:00,10.0,31.5,41.0,5.0,14.0,35.0,29.0,44.0
386,Wednesday,08-17-2022,02:00:00,9.0,22.0,46.0,6.0,13.0,32.0,28.0,44.0
387,Wednesday,08-17-2022,03:00:00,2.0,18.0,40.0,5.0,12.5,31.0,27.0,44.0
388,Wednesday,08-17-2022,04:00:00,2.5,20.0,46.0,5.0,12.0,30.0,24.0,45.0
389,Wednesday,08-17-2022,05:00:00,3.0,30.0,41.0,5.0,13.0,27.0,29.0,47.0
390,Wednesday,08-17-2022,06:00:00,7.0,40.0,35.0,4.0,13.0,27.0,25.0,46.0
391,Wednesday,08-17-2022,07:00:00,6.0,38.0,35.0,4.0,13.0,28.0,21.0,42.0
392,Wednesday,08-17-2022,08:00:00,5.0,38.0,34.0,4.0,13.0,32.0,24.0,43.0
393,Wednesday,08-17-2022,09:00:00,6.5,25.0,43.0,4.0,14.0,43.0,20.0,42.0
394,Wednesday,08-17-2022,10:00:00,8.0,45.0,51.0,4.0,13.0,40.0,24.0,41.0
395,Wednesday,08-17-2022,11:00:00,10.0,39.0,53.0,5.0,13.0,37.0,32.0,41.0
396,Wednesday,08-17-2022,12:00:00,15.666666666666668,40.0,55.0,4.0,13.0,35.0,44.0,42.0
397,Wednesday,08-17-2022,13:00:00,21.333333333333336,54.0,52.0,4.0,14.0,28.0,50.0,42.0
398,Wednesday,08-17-2022,14:00:00,27.0,68.0,47.0,3.0,15.0,28.0,55.0,41.0
399,Wednesday,08-17-2022,15:00:00,18.5,52.0,49.0,4.0,15.0,33.0,55.0,44.0
400,Wednesday,08-17-2022,16:00:00,10.0,30.0,49.0,4.0,15.0,32.0,57.0,44.0
401,Wednesday,08-17-2022,17:00:00,10.0,30.0,54.0,4.0,13.0,38.0,55.0,47.0
402,Wednesday,08-17-2022,18:00:00,7.0,30.0,60.0,4.0,12.0,35.0,52.0,49.0
403,Wednesday,08-17-2022,19:00:00,2.0,47.0,63.0,4.0,12.0,42.0,38.0,49.0
404,Wednesday,08-17-2022,20:00:00,10.0,48.0,66.0,4.0,12.0,47.0,34.0,47.0
405,Wednesday,08-17-2022,21:00:00,98.0,62.0,65.0,4.0,14.0,52.0,21.0,48.0
406,Wednesday,08-17-2022,22:00:00,23.0,69.0,54.0,4.0,15.0,37.0,15.0,49.0
407,Wednesday,08-17-2022,23:00:00,25.5,72.0,52.0,4.0,15.0,40.0,16.0,49.0
408,Thursday,08-18-2022,00:00:00,28.0,75.0,50.0,3.0,14.0,38.0,13.0,49.0
409,Thursday,08-18-2022,01:00:00,20.0,57.0,51.0,4.0,13.0,35.0,11.0,50.0
410,Thursday,08-18-2022,02:00:00,28.0,35.0,52.0,4.0,16.0,38.0,11.666666666666666,50.0
411,Thursday,08-18-2022,03:00:00,29.0,42.5,52.0,4.0,31.5,34.0,12.333333333333334,50.0
412,Thursday,08-18-2022,04:00:00,30.0,50.0,52.0,4.0,47.0,30.0,13.0,51.0
413,Thursday,08-18-2022,05:00:00,27.333333333333332,55.333333333333336,53.0,4.0,18.0,22.0,18.0,51.0
414,Thursday,08-18-2022,06:00:00,24.666666666666668,60.666666666666664,45.0,4.0,17.0,18.0,16.0,52.0
415,Thursday,08-18-2022,07:00:00,22.0,66.0,43.0,4.0,17.0,20.0,13.0,52.0
416,Thursday,08-18-2022,08:00:00,13.0,39.0,41.0,3.0,16.0,23.0,20.0,52.0
417,Thursday,08-18-2022,09:00:00,8.0,24.0,44.0,3.0,12.0,20.0,22.0,52.0
418,Thursday,08-18-2022,10:00:00,10.0,27.0,54.0,3.0,8.0,35.0,40.0,52.0
419,Thursday,08-18-2022,11:00:00,23.0,37.0,63.0,4.0,8.0,42.0,54.0,53.0
420,Thursday,08-18-2022,12:00:00,36.0,47.0,65.0,4.0,6.0,35.0,78.0,53.0
421,Thursday,08-18-2022,13:00:00,49.0,52.0,70.0,4.0,9.0,35.0,84.0,54.0
422,Thursday,08-18-2022,14:00:00,62.0,51.0,61.0,4.0,12.0,32.0,64.0,55.0
423,Thursday,08-18-2022,15:00:00,62.0,74.0,53.0,3.0,12.0,27.0,65.0,55.0
424,Thursday,08-18-2022,16:00:00,13.0,63.0,55.0,3.0,13.0,25.0,89.0,57.0
425,Thursday,08-18-2022,17:00:00,8.0,27.0,53.0,3.0,13.0,30.0,85.0,67.0
426,Thursday,08-18-2022,18:00:00,10.0,27.0,56.0,3.0,13.0,33.0,72.0,70.0
427,Thursday,08-18-2022,19:00:00,5.0,24.5,60.0,3.0,10.0,35.0,53.0,72.0
428,Thursday,08-18-2022,20:00:00,4.333333333333333,22.0,62.0,4.0,9.0,43.0,20.0,68.0
429,Thursday,08-18-2022,21:00:00,3.666666666666667,29.0,62.0,3.0,11.0,57.0,12.0,60.0
430,Thursday,08-18-2022,22:00:00,3.0,38.0,59.0,4.0,12.0,58.0,20.0,55.0
431,Thursday,08-18-2022,23:00:00,13.0,59.0,53.0,4.0,15.0,50.0,12.0,55.0
432,Friday,08-19-2022,00:00:00,23.0,80.0,53.0,3.0,15.0,38.0,13.0,55.0
433,Friday,08-19-2022,01:00:00,22.0,85.0,52.0,3.0,14.0,25.0,16.0,55.0
434,Friday,08-19-2022,02:00:00,17.0,61.0,52.0,3.0,13.0,25.0,19.5,55.0
435,Friday,08-19-2022,03:00:00,14.5,51.5,54.0,4.0,11.5,27.5,23.0,55.0
436,Friday,08-19-2022,04:00:00,12.0,42.0,54.0,4.0,10.0,30.0,26.0,55.0
437,Friday,08-19-2022,05:00:00,9.5,39.0,54.0,4.0,13.0,28.0,27.0,55.0
438,Friday,08-19-2022,06:00:00,7.0,36.0,53.0,4.0,15.0,25.0,34.0,55.0
439,Friday,08-19-2022,07:00:00,7.5,46.0,45.0,3.0,17.0,25.0,30.0,55.0
440,Friday,08-19-2022,08:00:00,8.0,56.0,44.0,3.0,16.0,30.0,29.0,55.0
441,Friday,08-19-2022,09:00:00,8.0,53.0,43.0,3.0,15.0,28.0,40.0,55.0
442,Friday,08-19-2022,10:00:00,6.5,50.0,49.5,3.0,12.5,30.5,49.0,55.0
443,Friday,08-19-2022,11:00:00,5.0,47.0,56.0,3.0,10.0,33.0,58.0,55.0
444,Friday,08-19-2022,12:00:00,19.0,44.0,62.0,4.0,11.0,35.0,65.0,55.0
445,Friday,08-19-2022,13:00:00,33.0,44.0,59.0,3.0,12.0,30.0,65.0,55.0
446,Friday,08-19-2022,14:00:00,52.5,41.0,58.0,3.0,13.0,28.0,67.0,54.0
447,Friday,08-19-2022,15:00:00,72.0,47.0,50.0,3.0,14.0,30.0,71.0,54.0
448,Friday,08-19-2022,16:00:00,43.0,79.0,47.0,3.0,15.0,30.0,75.0,59.0
449,Friday,08-19-2022,17:00:00,17.0,57.0,47.0,3.0,13.0,30.0,74.0,64.0
450,Friday,08-19-2022,18:00:00,13.0,42.0,46.0,3.0,11.0,50.0,69.0,68.0
451,Friday,08-19-2022,19:00:00,10.0,45.0,55.0,3.0,9.0,28.0,67.0,68.0
452,Friday,08-19-2022,20:00:00,19.25,50.5,59.0,3.0,8.0,78.0,54.0,67.0
453,Friday,08-19-2022,21:00:00,28.5,56.0,63.0,3.0,11.0,45.0,48.0,66.0
454,Friday,08-19-2022,22:00:00,37.75,68.0,63.0,3.0,13.0,101.0,47.0,64.0
455,Friday,08-19-2022,23:00:00,47.0,73.0,56.0,3.0,16.0,60.5,35.0,60.0
456,Saturday,08-20-2022,00:00:00,73.0,75.0,50.0,3.0,16.0,20.0,23.0,55.0
457,Saturday,08-20-2022,01:00:00,17.0,86.0,50.0,3.0,14.0,40.0,12.0,55.0
458,Saturday,08-20-2022,02:00:00,13.0,70.0,46.0,3.0,13.0,35.0,11.0,55.0
459,Saturday,08-20-2022,03:00:00,10.0,44.0,52.0,3.0,11.0,31.0,10.0,55.0
460,Saturday,08-20-2022,04:00:00,15.5,9.0,52.0,3.0,9.0,27.0,14.0,53.0
461,Saturday,08-20-2022,05:00:00,21.0,48.0,56.0,3.0,13.0,30.0,13.0,54.0
462,Saturday,08-20-2022,06:00:00,26.5,45.0,53.0,3.0,13.0,25.0,27.0,54.0
463,Saturday,08-20-2022,07:00:00,32.0,48.0,46.0,3.0,16.0,35.0,19.0,54.0
464,Saturday,08-20-2022,08:00:00,83.0,74.0,44.0,3.0,18.0,35.0,23.0,55.0
465,Saturday,08-20-2022,09:00:00,13.0,99.0,44.0,3.0,16.0,35.0,32.0,57.0
466,Saturday,08-20-2022,10:00:00,27.0,91.0,45.0,3.0,15.0,32.0,42.0,58.0
467,Saturday,08-20-2022,11:00:00,23.0,91.0,56.0,3.0,13.0,35.0,51.0,60.0
468,Saturday,08-20-2022,12:00:00,13.0,34.0,63.0,3.0,11.0,38.0,69.0,59.0
469,Saturday,08-20-2022,13:00:00,3.0,85.0,65.0,3.0,13.0,33.0,51.0,61.0
470,Saturday,08-20-2022,14:00:00,5.0,38.0,64.0,3.0,14.0,45.0,32.0,61.0
471,Saturday,08-20-2022,15:00:00,12.0,31.0,59.0,3.0,15.0,50.0,38.0,60.0
472,Saturday,08-20-2022,16:00:00,143.0,80.0,62.0,5.0,19.0,42.0,72.0,60.0
473,Saturday,08-20-2022,17:00:00,43.0,91.0,43.33333333333333,6.625,14.333333333333332,30.0,86.0,62.0
474,Saturday,08-20-2022,18:00:00,55.0,74.0,24.666666666666664,8.25,9.666666666666666,35.0,74.0,63.0
475,Saturday,08-20-2022,19:00:00,52.0,94.0,6.0,9.875,5.0,40.0,28.0,65.0
476,Saturday,08-20-2022,20:00:00,32.5,46.0,34.0,11.5,3.0,43.0,9.0,65.0
477,Saturday,08-20-2022,21:00:00,13.0,46.0,36.0,13.125,13.0,55.0,7.0,64.0
478,Saturday,08-20-2022,22:00:00,10.0,53.0,37.0,14.75,16.0,67.0,11.0,64.0
479,Saturday,08-20-2022,23:00:00,7.0,80.0,42.0,16.375,17.0,65.0,16.0,64.0
480,Sunday,08-21-2022,00:00:00,113.0,85.0,40.0,18.0,52.0,11.0,16.0,64.0
481,Sunday,08-21-2022,01:00:00,42.0,109.0,42.0,16.0,38.0,15.0,16.0,64.0
482,Sunday,08-21-2022,02:00:00,38.5,104.0,46.0,15.0,33.666666666666664,15.0,16.0,65.0
483,Sunday,08-21-2022,03:00:00,35.0,99.0,50.0,14.0,29.333333333333336,15.0,16.0,67.0
484,Sunday,08-21-2022,04:00:00,27.0,46.0,48.0,13.0,25.0,16.0,16.0,69.0
485,Sunday,08-21-2022,05:00:00,31.0,84.0,46.0,11.0,25.0,16.0,16.0,71.0
486,Sunday,08-21-2022,06:00:00,35.0,88.0,45.0,12.0,30.0,13.0,16.0,72.0
487,Sunday,08-21-2022,07:00:00,66.0,97.0,41.0,14.0,41.0,15.0,16.0,75.0
488,Sunday,08-21-2022,08:00:00,93.0,101.0,39.0,14.0,40.0,18.0,16.0,76.0
489,Sunday,08-21-2022,09:00:00,66.0,105.5,40.0,15.5,37.0,28.5,16.0,72.0
490,Sunday,08-21-2022,10:00:00,39.0,110.0,41.0,17.0,34.0,39.0,16.0,76.0
491,Sunday,08-21-2022,11:00:00,27.0,80.0,49.0,14.0,35.0,43.0,16.0,75.0
492,Sunday,08-21-2022,12:00:00,28.5,86.0,54.5,13.5,34.5,64.0,16.0,72.0
493,Sunday,08-21-2022,13:00:00,30.0,92.0,60.0,13.0,34.0,85.0,16.0,77.0
494,Sunday,08-21-2022,14:00:00,61.0,95.0,60.0,14.0,35.0,85.0,16.0,80.0
495,Sunday,08-21-2022,15:00:00,73.0,92.0,55.0,17.0,35.0,75.0,16.0,82.0
496,Sunday,08-21-2022,16:00:00,86.0,106.0,47.0,16.0,39.0,47.0,16.0,84.0
497,Sunday,08-21-2022,17:00:00,28.0,92.0,44.0,12.0,34.0,54.0,16.0,84.0
498,Sunday,08-21-2022,18:00:00,23.0,77.0,43.0,10.0,33.0,49.0,16.0,84.0
499,Sunday,08-21-2022,19:00:00,22.0,81.0,49.0,10.0,45.0,40.0,16.0,84.0
500,Sunday,08-21-2022,20:00:00,23.0,39.0,58.0,7.0,45.0,39.0,16.0,83.0
501,Sunday,08-21-2022,21:00:00,13.0,101.0,61.0,13.0,57.0,30.0,16.0,86.0
502,Sunday,08-21-2022,22:00:00,38.0,111.0,61.0,16.0,57.0,17.0,16.0,89.0
503,Sunday,08-21-2022,23:00:00,43.0,105.0,57.0,17.0,57.0,50.0,16.0,90.0
504,Monday,08-22-2022,00:00:00,100.0,111.0,48.0,12.5,18.0,40.0,17.0,64.0
505,Monday,08-22-2022,01:00:00,28.0,120.0,43.0,8.0,15.0,33.0,21.5,65.0
506,Monday,08-22-2022,02:00:00,35.0,104.0,42.0,8.0,13.0,30.0,26.0,65.0
507,Monday,08-22-2022,03:00:00,30.0,86.0,49.0,7.0,11.5,27.0,28.0,67.0
508,Monday,08-22-2022,04:00:00,25.0,41.0,54.0,7.0,10.0,25.0,28.0,69.0
509,Monday,08-22-2022,05:00:00,22.0,97.0,55.0,7.0,15.0,28.0,23.0,71.0
510,Monday,08-22-2022,06:00:00,27.0,95.0,54.0,8.0,16.0,28.0,24.0,72.0
511,Monday,08-22-2022,07:00:00,53.0,100.0,51.0,8.0,17.0,38.0,21.0,75.0
512,Monday,08-22-2022,08:00:00,150.0,120.0,46.0,8.0,18.0,45.0,38.0,76.0
513,Monday,08-22-2022,09:00:00,62.0,145.0,45.0,8.0,17.0,53.0,52.0,72.0
514,Monday,08-22-2022,10:00:00,62.0,130.0,49.0,8.0,16.0,42.0,54.0,76.0
515,Monday,08-22-2022,11:00:00,44.5,88.5,58.0,7.5,15.0,39.5,67.5,75.0
516,Monday,08-22-2022,12:00:00,27.0,47.0,67.0,7.0,14.0,37.0,81.0,72.0
517,Monday,08-22-2022,13:00:00,7.0,70.0,68.0,7.0,14.0,33.0,66.0,77.0
518,Monday,08-22-2022,14:00:00,17.0,47.0,57.0,15.0,14.0,27.0,57.0,80.0
519,Monday,08-22-2022,15:00:00,25.0,55.0,51.0,14.0,15.0,30.0,64.0,82.0
520,Monday,08-22-2022,16:00:00,19.0,60.5,44.0,12.5,15.0,30.0,64.5,84.0
521,Monday,08-22-2022,17:00:00,13.0,66.0,37.0,11.0,15.0,30.0,65.0,84.0
522,Monday,08-22-2022,18:00:00,15.5,58.0,44.5,11.0,15.5,36.0,59.0,84.0
523,Monday,08-22-2022,19:00:00,18.0,50.0,52.0,11.0,16.0,42.0,53.0,84.0
524,Monday,08-22-2022,20:00:00,12.0,38.0,68.0,12.0,15.0,50.0,33.0,83.0
525,Monday,08-22-2022,21:00:00,20.0,53.0,71.0,12.0,16.0,53.0,35.0,86.0
526,Monday,08-22-2022,22:00:00,22.5,62.5,67.5,12.0,16.0,45.5,37.0,89.0
527,Monday,08-22-2022,23:00:00,25.0,72.0,64.0,12.0,16.0,38.0,39.0,90.0
528,Tuesday,08-23-2022,00:00:00,73.0,62.0,48.0,11.0,18.0,33.0,34.0,91.0
529,Tuesday,08-23-2022,01:00:00,37.0,91.0,45.0,11.0,12.0,22.0,47.0,92.0
530,Tuesday,08-23-2022,02:00:00,17.0,68.0,46.0,11.0,9.0,25.0,46.5,92.0
531,Tuesday,08-23-2022,03:00:00,20.0,61.0,52.0,11.0,8.5,26.5,46.0,92.0
532,Tuesday,08-23-2022,04:00:00,22.0,39.0,58.0,11.0,8.0,28.0,39.0,92.0
533,Tuesday,08-23-2022,05:00:00,12.0,42.0,60.0,12.0,13.0,26.0,34.0,92.0
534,Tuesday,08-23-2022,06:00:00,22.0,50.0,57.5,12.0,14.0,28.5,38.0,92.0
535,Tuesday,08-23-2022,07:00:00,32.0,58.0,55.0,12.0,15.0,31.0,42.0,93.0
536,Tuesday,08-23-2022,08:00:00,62.0,61.0,45.0,11.0,16.0,30.0,40.0,93.0
537,Tuesday,08-23-2022,09:00:00,49.0,68.5,45.5,10.5,14.5,30.0,44.0,96.0
538,Tuesday,08-23-2022,10:00:00,36.0,76.0,46.0,10.0,13.0,30.0,48.0,97.0
539,Tuesday,08-23-2022,11:00:00,46.0,89.0,51.0,11.0,13.0,31.0,54.0,97.0
540,Tuesday,08-23-2022,12:00:00,55.0,88.0,63.0,11.0,12.0,33.0,59.0,95.0
541,Tuesday,08-23-2022,13:00:00,17.0,69.0,66.0,11.0,13.0,35.0,63.0,94.0
542,Tuesday,08-23-2022,14:00:00,42.0,83.0,65.0,11.0,15.0,33.0,66.0,92.0
543,Tuesday,08-23-2022,15:00:00,28.0,80.0,65.0,11.0,14.0,32.0,65.0,90.0
544,Tuesday,08-23-2022,16:00:00,60.0,77.0,52.0,11.0,16.0,30.0,70.0,90.0
545,Tuesday,08-23-2022,17:00:00,10.0,89.0,51.0,10.0,16.0,30.0,72.0,89.0
546,Tuesday,08-23-2022,18:00:00,7.0,57.0,51.0,10.0,16.0,30.0,68.0,89.0
547,Tuesday,08-23-2022,19:00:00,5.0,52.0,56.0,10.0,16.0,40.0,46.0,88.0
548,Tuesday,08-23-2022,20:00:00,8.0,57.0,70.0,11.0,15.0,45.0,34.0,88.0
549,Tuesday,08-23-2022,21:00:00,17.25,7.0,72.0,11.0,14.0,47.0,33.0,85.0
550,Tuesday,08-23-2022,22:00:00,26.5,45.0,71.0,11.0,13.0,45.0,35.0,84.0
551,Tuesday,08-23-2022,23:00:00,35.75,53.0,65.0,11.0,13.0,40.0,32.0,82.0
552,Wednesday,08-24-2022,00:00:00,45.0,50.0,52.0,11.0,15.0,35.0,34.0,63.0
553,Wednesday,08-24-2022,01:00:00,47.0,51.0,47.0,10.0,15.0,30.0,32.0,61.0
554,Wednesday,08-24-2022,02:00:00,25.0,55.0,45.0,11.0,14.0,32.0,33.5,61.0
555,Wednesday,08-24-2022,03:00:00,35.0,46.0,53.0,11.0,14.0,28.5,35.0,60.0
556,Wednesday,08-24-2022,04:00:00,32.0,28.0,54.0,11.0,14.0,25.0,34.0,60.0
557,Wednesday,08-24-2022,05:00:00,25.333333333333332,19.0,59.0,11.0,13.0,30.0,26.0,59.0
558,Wednesday,08-24-2022,06:00:00,18.666666666666664,38.0,58.0,11.0,14.0,30.0,24.0,58.0
559,Wednesday,08-24-2022,07:00:00,12.0,36.0,58.0,11.0,14.0,33.0,18.0,57.0
560,Wednesday,08-24-2022,08:00:00,13.0,45.0,42.0,11.0,16.0,37.0,17.0,57.0
561,Wednesday,08-24-2022,09:00:00,26.5,50.0,41.0,10.5,13.5,37.5,24.0,57.0
562,Wednesday,08-24-2022,10:00:00,40.0,55.0,40.0,10.0,11.0,38.0,31.0,57.0
563,Wednesday,08-24-2022,11:00:00,33.0,62.0,44.0,10.0,12.0,38.0,44.0,56.0
564,Wednesday,08-24-2022,12:00:00,27.0,68.0,60.0,11.0,11.0,37.0,55.0,56.0
565,Wednesday,08-24-2022,13:00:00,27.0,53.0,67.0,11.0,12.0,32.0,64.0,56.0
566,Wednesday,08-24-2022,14:00:00,27.0,48.0,69.0,11.0,15.0,35.0,57.0,57.0
567,Wednesday,08-24-2022,15:00:00,42.0,63.0,71.0,11.0,16.0,43.0,39.0,57.0
568,Wednesday,08-24-2022,16:00:00,52.0,56.0,56.0,11.0,17.0,37.0,35.0,57.0
569,Wednesday,08-24-2022,17:00:00,58.0,47.0,48.0,10.0,16.0,42.0,32.0,57.0
570,Wednesday,08-24-2022,18:00:00,40.0,83.0,50.0,10.0,16.0,47.0,26.0,57.0
571,Wednesday,08-24-2022,19:00:00,40.0,83.0,54.0,10.0,16.0,42.0,38.0,57.0
572,Wednesday,08-24-2022,20:00:00,37.0,73.0,68.0,11.0,15.0,48.0,19.0,57.0
573,Wednesday,08-24-2022,21:00:00,34.666666666666664,48.0,72.0,11.0,16.0,55.0,14.0,57.0
574,Wednesday,08-24-2022,22:00:00,32.333333333333336,63.5,69.5,11.0,16.0,52.5,15.0,57.0
575,Wednesday,08-24-2022,23:00:00,30.0,79.0,67.0,11.0,16.0,50.0,16.0,57.0
576,Thursday,08-25-2022,00:00:00,33.0,75.0,52.0,10.0,17.0,42.0,16.0,57.0
577,Thursday,08-25-2022,01:00:00,68.0,63.0,48.0,11.0,14.0,33.0,21.0,56.0
578,Thursday,08-25-2022,02:00:00,33.0,76.0,47.0,10.0,12.0,30.0,17.0,56.0
579,Thursday,08-25-2022,03:00:00,33.0,67.0,51.0,11.0,11.5,27.5,13.0,57.0
580,Thursday,08-25-2022,04:00:00,40.0,68.0,55.0,11.0,11.0,25.0,13.0,59.0
581,Thursday,08-25-2022,05:00:00,34.333333333333336,20.0,56.0,11.0,14.0,22.0,11.0,59.0
582,Thursday,08-25-2022,06:00:00,28.666666666666664,42.0,54.0,11.0,15.0,25.0,12.0,60.0
583,Thursday,08-25-2022,07:00:00,23.0,40.0,50.0,11.0,16.0,32.0,12.0,60.0
584,Thursday,08-25-2022,08:00:00,17.0,47.0,42.0,10.0,18.0,35.0,14.0,60.0
585,Thursday,08-25-2022,09:00:00,70.0,68.0,41.0,10.0,15.0,35.0,25.0,60.0
586,Thursday,08-25-2022,10:00:00,48.0,80.0,46.0,10.0,15.0,30.0,47.0,61.0
587,Thursday,08-25-2022,11:00:00,32.0,75.0,52.0,11.0,14.0,30.0,58.0,62.0
588,Thursday,08-25-2022,12:00:00,50.0,90.0,66.0,11.0,14.0,32.0,72.0,63.0
589,Thursday,08-25-2022,13:00:00,48.5,46.0,78.0,11.0,13.0,30.0,135.0,62.0
590,Thursday,08-25-2022,14:00:00,47.0,90.0,84.0,11.0,13.0,35.0,142.0,64.0
591,Thursday,08-25-2022,15:00:00,78.0,116.0,82.0,11.0,13.0,42.0,105.0,68.0
592,Thursday,08-25-2022,16:00:00,80.0,111.0,66.0,11.0,14.0,45.0,157.0,157.0
593,Thursday,08-25-2022,17:00:00,100.0,141.0,60.0,10.0,14.0,43.0,200.0,200.0
594,Thursday,08-25-2022,18:00:00,77.0,135.0,59.0,10.0,13.0,35.0,140.0,117.0
595,Thursday,08-25-2022,19:00:00,47.0,99.0,56.0,10.0,12.0,37.0,76.0,121.0
596,Thursday,08-25-2022,20:00:00,45.0,91.0,68.0,11.0,11.0,43.0,58.0,121.0
597,Thursday,08-25-2022,21:00:00,35.0,58.0,70.0,11.0,13.0,48.0,22.0,115.0
598,Thursday,08-25-2022,22:00:00,25.0,94.0,66.0,11.0,14.0,60.0,14.0,102.0
599,Thursday,08-25-2022,23:00:00,48.0,107.0,65.0,11.0,15.0,68.0,12.0,87.0
600,Friday,08-26-2022,00:00:00,58.0,95.0,51.0,11.0,17.0,62.0,12.0,80.0
601,Friday,08-26-2022,01:00:00,56.5,97.0,47.5,10.5,16.5,51.0,12.0,81.0
602,Friday,08-26-2022,02:00:00,55.0,99.0,44.0,10.0,16.0,40.0,12.0,82.0
603,Friday,08-26-2022,03:00:00,45.0,79.0,42.0,10.0,15.5,34.0,12.0,82.0
604,Friday,08-26-2022,04:00:00,68.0,114.0,53.0,11.0,15.0,28.0,13.0,84.0
605,Friday,08-26-2022,05:00:00,5.0,68.0,56.0,11.0,14.0,20.0,14.0,86.0
606,Friday,08-26-2022,06:00:00,12.0,69.0,55.0,11.0,14.0,20.0,12.0,87.0
607,Friday,08-26-2022,07:00:00,20.0,63.0,57.0,11.0,15.0,30.0,13.0,88.0
608,Friday,08-26-2022,08:00:00,23.0,68.0,46.0,11.0,16.0,30.0,18.0,89.0
609,Friday,08-26-2022,09:00:00,82.0,104.0,40.0,10.0,13.0,35.0,28.0,91.0
610,Friday,08-26-2022,10:00:00,53.0,124.0,44.0,10.0,12.0,30.0,43.0,93.0
611,Friday,08-26-2022,11:00:00,33.0,103.0,49.0,10.0,11.0,25.0,62.0,94.0
612,Friday,08-26-2022,12:00:00,33.0,92.0,58.0,10.0,12.0,25.0,68.0,94.0
613,Friday,08-26-2022,13:00:00,31.333333333333332,52.0,65.0,11.0,13.0,30.0,76.0,94.0
614,Friday,08-26-2022,14:00:00,29.666666666666668,65.5,64.0,11.0,13.0,31.0,75.0,95.0
615,Friday,08-26-2022,15:00:00,28.0,79.0,63.0,11.0,13.0,32.0,74.0,93.0
616,Friday,08-26-2022,16:00:00,58.0,73.0,20.0,12.0,15.0,30.0,92.0,91.0
617,Friday,08-26-2022,17:00:00,63.0,119.0,24.0,11.0,14.0,30.0,82.0,90.0
618,Friday,08-26-2022,18:00:00,17.0,69.0,30.0,10.0,11.0,30.0,82.0,87.0
619,Friday,08-26-2022,19:00:00,28.0,74.0,24.0,11.0,14.0,37.0,81.0,86.0
620,Friday,08-26-2022,20:00:00,28.0,88.0,45.0,10.0,12.0,45.0,54.0,86.0
621,Friday,08-26-2022,21:00:00,18.0,31.0,63.0,10.0,14.0,53.0,39.0,85.0
622,Friday,08-26-2022,22:00:00,14.0,94.0,65.0,11.0,16.0,53.0,31.0,85.0
623,Friday,08-26-2022,23:00:00,10.0,95.0,64.0,11.0,16.0,47.0,36.0,84.0
624,Saturday,08-27-2022,00:00:00,20.0,74.0,53.0,11.0,18.0,40.0,41.0,83.0
625,Saturday,08-27-2022,01:00:00,88.0,83.0,44.0,11.0,15.0,30.0,34.0,83.0
626,Saturday,08-27-2022,02:00:00,42.0,90.0,45.0,11.0,13.0,30.0,30.5,83.0
627,Saturday,08-27-2022,03:00:00,37.0,105.0,44.0,11.0,13.5,30.0,27.0,84.0
628,Saturday,08-27-2022,04:00:00,60.0,107.0,49.0,11.0,14.0,30.0,26.0,84.0
629,Saturday,08-27-2022,05:00:00,34.0,51.0,56.0,11.0,14.0,30.0,24.0,83.0
630,Saturday,08-27-2022,06:00:00,8.0,94.0,57.0,11.0,16.0,27.0,23.0,84.0
631,Saturday,08-27-2022,07:00:00,23.0,79.0,55.0,11.0,16.0,30.0,23.0,85.0
632,Saturday,08-27-2022,08:00:00,23.0,83.0,48.0,11.0,17.0,30.0,27.0,85.0
633,Saturday,08-27-2022,09:00:00,88.0,101.0,41.0,11.0,15.0,33.0,36.0,85.0
634,Saturday,08-27-2022,10:00:00,58.0,127.0,42.0,10.0,12.0,33.0,48.0,85.0
635,Saturday,08-27-2022,11:00:00,32.0,116.0,42.0,10.0,12.0,30.0,56.0,86.0
636,Saturday,08-27-2022,12:00:00,37.0,116.0,53.0,11.0,12.0,32.0,71.0,87.0
637,Saturday,08-27-2022,13:00:00,35.333333333333336,64.0,60.0,11.0,12.0,32.0,70.0,87.0
638,Saturday,08-27-2022,14:00:00,33.666666666666664,99.0,63.0,11.0,13.0,32.0,73.0,88.0
639,Saturday,08-27-2022,15:00:00,32.0,90.0,63.0,11.0,14.0,30.0,73.0,88.0
640,Saturday,08-27-2022,16:00:00,37.0,85.0,56.0,11.0,16.0,30.0,75.0,89.0
641,Saturday,08-27-2022,17:00:00,120.0,115.0,46.0,11.0,14.0,30.0,79.0,89.0
642,Saturday,08-27-2022,18:00:00,28.0,109.0,45.0,11.0,13.0,30.0,76.0,90.0
643,Saturday,08-27-2022,19:00:00,22.0,79.0,45.0,10.0,12.0,35.0,70.0,91.0
644,Saturday,08-27-2022,20:00:00,12.0,56.5,53.5,10.5,12.0,41.5,50.5,91.0
645,Saturday,08-27-2022,21:00:00,2.0,34.0,62.0,11.0,12.0,48.0,31.0,91.0
646,Saturday,08-27-2022,22:00:00,11.0,100.0,67.0,11.0,14.0,53.0,23.0,91.0
647,Saturday,08-27-2022,23:00:00,20.0,97.0,66.0,11.0,15.0,52.0,28.0,91.0
648,Sunday,08-28-2022,00:00:00,22.0,90.0,57.0,11.0,16.0,45.0,25.0,92.0
649,Sunday,08-28-2022,01:00:00,98.0,111.0,44.0,11.0,16.0,32.0,22.0,93.0
650,Sunday,08-28-2022,02:00:00,57.0,127.0,42.0,11.0,15.0,28.0,24.0,95.0
651,Sunday,08-28-2022,03:00:00,33.0,115.0,36.0,10.0,15.0,25.5,26.0,95.0
652,Sunday,08-28-2022,04:00:00,28.0,108.0,46.0,11.0,15.0,23.0,26.0,95.0
653,Sunday,08-28-2022,05:00:00,24.333333333333332,55.0,56.0,11.0,12.0,20.0,26.0,95.0
654,Sunday,08-28-2022,06:00:00,20.666666666666668,114.0,56.0,11.0,13.0,20.0,30.0,96.0
655,Sunday,08-28-2022,07:00:00,17.0,111.0,55.0,11.0,12.0,28.0,31.0,98.0
656,Sunday,08-28-2022,08:00:00,30.0,111.0,50.0,11.0,13.0,25.0,36.0,99.0
657,Sunday,08-28-2022,09:00:00,90.0,118.0,42.0,11.0,15.0,25.0,43.0,100.0
658,Sunday,08-28-2022,10:00:00,60.0,148.0,42.0,10.0,16.0,25.0,48.0,101.0
659,Sunday,08-28-2022,11:00:00,42.0,144.0,42.0,10.0,16.0,30.0,56.0,102.0
660,Sunday,08-28-2022,12:00:00,35.0,135.0,48.0,10.0,15.0,30.0,67.0,103.0
661,Sunday,08-28-2022,13:00:00,30.666666666666668,90.0,58.0,11.0,14.0,30.0,73.0,104.0
662,Sunday,08-28-2022,14:00:00,26.333333333333336,126.0,59.0,11.0,15.0,30.0,76.0,105.0
663,Sunday,08-28-2022,15:00:00,22.0,115.0,61.0,11.0,16.0,30.0,80.0,106.0
664,Sunday,08-28-2022,16:00:00,28.0,119.0,56.0,11.0,17.0,30.0,78.0,107.0
665,Sunday,08-28-2022,17:00:00,123.0,133.0,46.0,11.0,15.0,28.0,72.0,108.0
666,Sunday,08-28-2022,18:00:00,33.0,131.0,45.0,10.0,15.0,27.0,69.0,109.0
667,Sunday,08-28-2022,19:00:00,15.0,115.0,45.0,10.0,15.0,33.0,59.0,111.0
668,Sunday,08-28-2022,20:00:00,17.0,112.0,52.0,10.0,14.0,43.0,37.0,111.0
669,Sunday,08-28-2022,21:00:00,20.666666666666668,57.0,61.0,11.0,14.0,50.0,18.0,112.0
670,Sunday,08-28-2022,22:00:00,24.333333333333332,103.0,62.0,11.0,15.0,60.0,12.0,112.0
671,Sunday,08-28-2022,23:00:00,28.0,101.0,63.0,11.0,16.0,65.0,11.0,112.0
672,Monday,08-29-2022,00:00:00,37.0,105.0,56.0,11.0,18.0,75.0,12.0,113.0
673,Monday,08-29-2022,01:00:00,83.0,116.0,49.0,10.0,16.0,35.0,13.0,113.0
674,Monday,08-29-2022,02:00:00,72.0,148.0,48.0,11.0,15.0,20.0,14.0,114.0
675,Monday,08-29-2022,03:00:00,43.0,120.0,46.0,10.0,14.5,13.5,15.0,114.0
676,Monday,08-29-2022,04:00:00,32.0,105.0,50.0,10.0,14.0,7.0,24.0,114.0
677,Monday,08-29-2022,05:00:00,28.666666666666668,68.0,60.0,10.0,14.0,5.0,29.0,114.0
678,Monday,08-29-2022,06:00:00,25.333333333333332,115.0,61.0,11.0,14.0,5.0,30.0,114.0
679,Monday,08-29-2022,07:00:00,22.0,121.0,60.0,11.0,16.0,30.0,25.0,115.0
680,Monday,08-29-2022,08:00:00,18.0,114.0,54.0,11.0,15.0,30.0,24.0,115.0
681,Monday,08-29-2022,09:00:00,43.0,133.0,46.0,10.0,14.0,33.0,33.0,115.0
682,Monday,08-29-2022,10:00:00,57.0,145.0,47.0,10.0,13.0,32.0,51.0,116.0
683,Monday,08-29-2022,11:00:00,43.0,149.0,47.0,10.0,12.0,30.0,66.0,116.0
684,Monday,08-29-2022,12:00:00,55.0,141.0,54.0,10.0,14.0,32.0,81.0,118.0
685,Monday,08-29-2022,13:00:00,25.0,134.0,67.0,10.0,16.0,30.0,109.0,118.0
686,Monday,08-29-2022,14:00:00,40.0,137.0,74.0,11.0,17.0,32.0,131.0,118.0
687,Monday,08-29-2022,15:00:00,50.0,135.0,75.0,11.0,18.0,30.0,118.0,119.0
688,Monday,08-29-2022,16:00:00,60.0,143.66666666666666,65.33333333333333,10.666666666666666,16.333333333333332,28.333333333333332,110.66666666666667,119.0
689,Monday,08-29-2022,17:00:00,70.0,152.33333333333334,55.66666666666667,10.333333333333334,14.666666666666666,26.666666666666668,103.33333333333333,118.0
690,Monday,08-29-2022,18:00:00,80.0,161.0,46.0,10.0,13.0,25.0,96.0,120.0
691,Monday,08-29-2022,19:00:00,65.0,133.0,41.0,10.0,13.0,43.0,71.0,121.0
692,Monday,08-29-2022,20:00:00,53.0,119.0,63.0,10.0,13.0,50.0,71.0,121.0
693,Monday,08-29-2022,21:00:00,45.25,41.0,81.0,11.0,14.0,52.0,47.0,120.0
694,Monday,08-29-2022,22:00:00,37.5,48.0,82.0,11.0,15.0,52.0,29.0,118.0
695,Monday,08-29-2022,23:00:00,29.75,49.5,76.5,11.0,15.0,52.5,21.5,118.0
696,Tuesday,08-30-2022,00:00:00,22.0,51.0,71.0,11.0,15.0,53.0,14.0,116.0
697,Tuesday,08-30-2022,01:00:00,27.0,58.0,58.0,10.0,13.0,37.0,14.0,113.0
698,Tuesday,08-30-2022,02:00:00,58.0,77.0,49.0,11.0,12.0,35.0,12.5,110.0
699,Tuesday,08-30-2022,03:00:00,38.0,66.0,40.0,10.0,12.0,32.5,11.0,107.0
700,Tuesday,08-30-2022,04:00:00,43.0,56.0,46.0,10.0,12.0,30.0,11.0,105.0
701,Tuesday,08-30-2022,05:00:00,35.5,25.0,57.0,11.0,12.0,32.0,11.0,103.0
702,Tuesday,08-30-2022,06:00:00,28.0,53.0,58.0,11.0,12.0,38.0,12.0,100.0
703,Tuesday,08-30-2022,07:00:00,28.0,59.0,55.0,11.0,13.0,40.0,9.0,97.0
704,Tuesday,08-30-2022,08:00:00,27.0,58.0,53.0,11.0,14.0,48.0,11.0,94.0
705,Tuesday,08-30-2022,09:00:00,37.0,91.0,50.0,10.0,19.0,45.0,22.0,92.0
706,Tuesday,08-30-2022,10:00:00,58.0,125.0,60.0,10.0,21.0,60.0,42.0,91.0
707,Tuesday,08-30-2022,11:00:00,78.0,166.0,75.0,10.0,20.0,55.0,109.0,92.0
708,Tuesday,08-30-2022,12:00:00,82.0,159.0,78.0,10.0,21.0,42.0,196.0,196.0
709,Tuesday,08-30-2022,13:00:00,88.0,130.0,88.0,10.0,17.0,30.0,156.0,156.0
710,Tuesday,08-30-2022,14:00:00,57.0,133.0,88.0,11.0,15.0,38.0,50.0,93.0
711,Tuesday,08-30-2022,15:00:00,55.0,102.0,90.0,11.0,15.0,37.0,62.0,91.0
712,Tuesday,08-30-2022,16:00:00,55.0,105.0,89.0,11.0,16.0,33.0,96.0,92.0
713,Tuesday,08-30-2022,17:00:00,92.0,114.0,73.0,10.0,14.0,25.0,123.0,95.0
714,Tuesday,08-30-2022,18:00:00,92.0,141.0,67.0,10.0,12.0,30.0,98.0,104.0
715,Tuesday,08-30-2022,19:00:00,85.0,129.0,65.0,10.0,12.0,30.0,68.0,106.0
716,Tuesday,08-30-2022,20:00:00,50.0,84.0,62.0,10.0,12.0,37.0,27.0,97.0
717,Tuesday,08-30-2022,21:00:00,8.0,1.0,74.0,11.0,14.0,45.0,10.0,90.0
718,Tuesday,08-30-2022,22:00:00,17.0,75.0,71.0,11.0,15.0,55.0,11.0,91.0
719,Tuesday,08-30-2022,23:00:00,35.0,92.0,73.0,11.0,16.0,57.0,12.0,91.0
720,Wednesday,08-31-2022,00:00:00,33.0,97.0,70.0,11.0,17.0,43.0,13.0,93.0
721,Wednesday,08-31-2022,01:00:00,33.0,84.0,57.0,10.0,16.0,35.0,12.0,94.0
722,Wednesday,08-31-2022,02:00:00,83.0,107.0,51.0,10.0,16.0,30.0,12.0,95.0
723,Wednesday,08-31-2022,03:00:00,50.0,91.0,47.0,10.0,16.5,26.0,12.0,96.0
724,Wednesday,08-31-2022,04:00:00,45.0,91.0,50.0,10.0,17.0,22.0,12.0,98.0
725,Wednesday,08-31-2022,05:00:00,18.0,42.0,60.0,11.0,15.0,22.0,11.0,98.0
726,Wednesday,08-31-2022,06:00:00,10.0,53.0,58.0,11.0,14.0,22.0,11.0,98.0
727,Wednesday,08-31-2022,07:00:00,37.0,63.0,57.0,11.0,15.0,35.0,10.0,98.0
728,Wednesday,08-31-2022,08:00:00,41.0,83.0,52.5,10.5,15.5,36.5,19.0,100.0
729,Wednesday,08-31-2022,09:00:00,45.0,103.0,48.0,10.0,16.0,38.0,28.0,101.0
730,Wednesday,08-31-2022,10:00:00,78.0,135.0,54.0,10.0,16.0,35.0,61.0,101.0
731,Wednesday,08-31-2022,11:00:00,65.0,144.0,63.0,10.0,16.0,28.0,100.0,100.0
732,Wednesday,08-31-2022,12:00:00,62.0,127.0,61.0,10.0,16.0,30.0,112.0,99.0
733,Wednesday,08-31-2022,13:00:00,67.0,111.0,69.0,10.0,13.0,30.0,115.0,98.0
734,Wednesday,08-31-2022,14:00:00,12.0,95.0,72.0,11.0,11.0,30.0,95.0,97.0
735,Wednesday,08-31-2022,15:00:00,33.0,109.0,71.0,11.0,11.0,30.0,98.0,96.0
736,Wednesday,08-31-2022,16:00:00,35.0,111.0,68.0,11.0,11.0,25.0,94.0,97.0
737,Wednesday,08-31-2022,17:00:00,72.0,111.0,54.0,10.0,13.0,30.0,106.0,97.0
738,Wednesday,08-31-2022,18:00:00,83.0,143.0,49.0,10.0,14.0,33.0,79.0,97.0
739,Wednesday,08-31-2022,19:00:00,68.0,119.0,49.0,10.0,14.0,35.0,77.0,97.0
740,Wednesday,08-31-2022,20:00:00,47.0,105.0,52.0,10.0,14.0,38.0,54.0,97.0
741,Wednesday,08-31-2022,21:00:00,32.0,78.0,65.0,10.0,14.0,43.0,21.0,99.0
742,Wednesday,08-31-2022,22:00:00,38.5,46.0,67.0,11.0,15.0,57.0,12.0,98.0
743,Wednesday,08-31-2022,23:00:00,45.0,88.0,66.0,11.0,16.0,63.0,11.0,98.0
