Day,Date,Time,PM2.5,PM10,NO2,NH3,SO2,CO,OZONE,AQI
Monday,01-08-2022,00:00:00,20,31,,,2,40,9,40
Monday,01-08-2022,01:00:00,20,30,,,3,37,9,40
Monday,01-08-2022,02:00:00,,,,,,,,41
Monday,01-08-2022,03:00:00,27,25,,,2,42,8,41
Monday,01-08-2022,04:00:00,20,20,,,1,36,4,41
Monday,01-08-2022,05:00:00,15,17,,,2,31,5,41
Monday,01-08-2022,06:00:00,21,29,,,4,42,7,41
Monday,01-08-2022,07:00:00,48,54,,,6,53,7,41
Monday,01-08-2022,08:00:00,48,74,,,5,54,8,42
Monday,01-08-2022,09:00:00,45,77,,,2,71,10,46
Monday,01-08-2022,10:00:00,48,92,,,1,75,9,50
Monday,01-08-2022,11:00:00,62,106,,,2,60,9,52
Monday,01-08-2022,12:00:00,53,78,,,6,54,8,53
Monday,01-08-2022,13:00:00,47,58,,,3,62,7,56
Monday,01-08-2022,14:00:00,47,56,,,3,62,10,59
Monday,01-08-2022,15:00:00,58,59,,,3,61,11,61
Monday,01-08-2022,16:00:00,51,50,,,4,57,10,62
Monday,01-08-2022,17:00:00,38,40,,,5,55,10,62
Monday,01-08-2022,18:00:00,34,35,,,4,52,9,60
Monday,01-08-2022,19:00:00,35,39,,,4,54,8,57
Monday,01-08-2022,20:00:00,38,34,,,5,55,8,57
Monday,01-08-2022,21:00:00,40,32,,,4,42,8,56
Monday,01-08-2022,22:00:00,38,35,,,4,50,5,54
Monday,01-08-2022,23:00:00,28,41,,,4,48,8,53
Tuesday,02-08-2022,00:00:00,34,36,,,4,46,9,51
Tuesday,02-08-2022,01:00:00,53,40,,,5,38,9,49
Tuesday,02-08-2022,02:00:00,31,32,,,5,39,10,48
Tuesday,02-08-2022,03:00:00,29,31,,,4,45,9,49
Tuesday,02-08-2022,04:00:00,42,36,,,7,35,8,49
Tuesday,02-08-2022,05:00:00,34,32,,,5,18,9,50
Tuesday,02-08-2022,06:00:00,28,44,,,4,25,18,50
Tuesday,02-08-2022,07:00:00,20,42,,,4,40,5,50
Tuesday,02-08-2022,08:00:00,,,,,,,,49
Tuesday,02-08-2022,09:00:00,,,,,,,,48
Tuesday,02-08-2022,10:00:00,69,98,,,4,50,9,48
Tuesday,02-08-2022,11:00:00,48,70,,,5,44,9,46
Tuesday,02-08-2022,12:00:00,36,44,,,8,45,9,45
Tuesday,02-08-2022,13:00:00,33,43,,,8,31,8,44
Tuesday,02-08-2022,14:00:00,47,50,,,9,26,9,44
Tuesday,02-08-2022,15:00:00,45,42,,,7,30,4,43
Tuesday,02-08-2022,16:00:00,43,44,,,8,27,8,43
Tuesday,02-08-2022,17:00:00,45,42,,,2,45,8,43
Tuesday,02-08-2022,18:00:00,42,44,,,1,47,9,43
Tuesday,02-08-2022,19:00:00,43,49,,,0,55,11,44
Tuesday,02-08-2022,20:00:00,37,55,,,0,64,9,45
Tuesday,02-08-2022,21:00:00,38,64,,,2,62,9,46
Tuesday,02-08-2022,22:00:00,45,80,,,3,66,8,48
Tuesday,02-08-2022,23:00:00,62,88,,,3,62,6,51
Wednesday,03-08-2022,00:00:00,68,100,,,3,62,6,54
Wednesday,03-08-2022,01:00:00,71,123,,,2,53,7,57
Wednesday,03-08-2022,02:00:00,53,77,,,3,48,7,59
Wednesday,03-08-2022,03:00:00,40,52,,,2,46,9,60
Wednesday,03-08-2022,04:00:00,48,51,,,3,45,6,61
Wednesday,03-08-2022,05:00:00,42,44,,,2,65,9,61
Wednesday,03-08-2022,06:00:00,50,73,,,2,73,8,62
Wednesday,03-08-2022,07:00:00,55,64,,,3,82,9,64
Wednesday,03-08-2022,08:00:00,62,54,,,3,95,4,63
Wednesday,03-08-2022,09:00:00,60,45,,,2,42,6,62
Wednesday,03-08-2022,10:00:00,12,16,,,,38,8,59
Wednesday,03-08-2022,11:00:00,12,18,,,,52,7,60
Wednesday,03-08-2022,12:00:00,,,,,4,42,10,59
Wednesday,03-08-2022,13:00:00,17,28,,,1,67,8,62
Wednesday,03-08-2022,14:00:00,32,41,,,1,90,9,65
Wednesday,03-08-2022,15:00:00,66,70,,,1,60,8,63
Wednesday,03-08-2022,16:00:00,29,41,,,3,56,6,60
Wednesday,03-08-2022,17:00:00,24,48,,,3,46,5,58
Wednesday,03-08-2022,18:00:00,20,57,,,3,46,7,58
Wednesday,03-08-2022,19:00:00,23,42,,,4,53,8,58
Wednesday,03-08-2022,20:00:00,22,56,,,3,75,9,59
Wednesday,03-08-2022,21:00:00,45,90,,,4,98,9,66
Wednesday,03-08-2022,22:00:00,72,92,,,4,108,10,70
Wednesday,03-08-2022,23:00:00,130,118,,,3,101,8,71
Thursday,04-08-2022,00:00:00,87,105,,,3,84,8,74
Thursday,04-08-2022,01:00:00,80,96,,,4,84,4,77
Thursday,04-08-2022,02:00:00,33,60,,,5,79,7,81
Thursday,04-08-2022,03:00:00,38,69,,,6,74,9,84
Thursday,04-08-2022,04:00:00,30,74,,,4,78,5,87
Thursday,04-08-2022,05:00:00,57,73,,,4,34,9,82
Thursday,04-08-2022,06:00:00,35,60,,,4,43,9,76
Thursday,04-08-2022,07:00:00,45,96,,,6,60,9,71
Thursday,04-08-2022,08:00:00,45,96,,,6,59,7,66
Thursday,04-08-2022,09:00:00,,,,,,,,66
Thursday,04-08-2022,10:00:00,82,139,,,5,,6,71
Thursday,04-08-2022,11:00:00,,,,,,,,74
Thursday,04-08-2022,12:00:00,78,156,,,9,105,8,78
Thursday,04-08-2022,13:00:00,82,205,,,5,103,8,86
Thursday,04-08-2022,14:00:00,83,204,,,4,92,9,93
Thursday,04-08-2022,15:00:00,75,164,,,4,58,9,97
Thursday,04-08-2022,16:00:00,68,104,,,4,64,8,100
Thursday,04-08-2022,17:00:00,72,85,,,2,60,10,102
Thursday,04-08-2022,18:00:00,60,66,,,2,65,5,102
Thursday,04-08-2022,19:00:00,35,49,,,1,86,7,103
Thursday,04-08-2022,20:00:00,41,82,,,2,96,8,104
Thursday,04-08-2022,21:00:00,45,97,,,2,92,8,104
Thursday,04-08-2022,22:00:00,66,91,,,1,96,9,104
Thursday,04-08-2022,23:00:00,75,101,,,2,74,8,103
Friday,05-08-2022,00:00:00,28,55,,,1,57,8,101
Friday,05-08-2022,01:00:00,10,35,,,4,41,8,98
Friday,05-08-2022,02:00:00,25,22,,,2,40,9,96
Friday,05-08-2022,03:00:00,17,36,,,3,47,4,95
Friday,05-08-2022,04:00:00,16,38,,,2,41,7,93
Friday,05-08-2022,05:00:00,17,29,,,5,40,7,91
Friday,05-08-2022,06:00:00,14,32,,,4,45,9,90
Friday,05-08-2022,07:00:00,13,33,,,6,48,9,87
Friday,05-08-2022,08:00:00,32,45,,,6,56,10,85
Friday,05-08-2022,09:00:00,33,65,,,5,84,21,84
Friday,05-08-2022,10:00:00,23,82,,,5,,29,82
Friday,05-08-2022,11:00:00,23,82,,,5,76,19,82
Friday,05-08-2022,12:00:00,32,96,,,7,70,7,79
Friday,05-08-2022,13:00:00,29,103,,,3,71,6,75
Friday,05-08-2022,14:00:00,32,105,,,1,64,7,71
Friday,05-08-2022,15:00:00,22,95,,,1,74,17,68
Friday,05-08-2022,16:00:00,27,108,30,4,1,72,12,71
Friday,05-08-2022,17:00:00,25,93,35,3,1,87,9,75
Friday,05-08-2022,18:00:00,25,91,36,1,1,93,7,76
Friday,05-08-2022,19:00:00,41,109,41,,1,103,4,79
Friday,05-08-2022,20:00:00,43,111,34,,0,103,3,82
Friday,05-08-2022,21:00:00,23,75,36,,4,68,6,82
Friday,05-08-2022,22:00:00,30,73,42,,6,86,8,83
Friday,05-08-2022,23:00:00,50,80,40,,5,66,10,84
Saturday,06-08-2022,00:00:00,27,51,36,,5,54,9,81
Saturday,06-08-2022,01:00:00,22,40,24,,5,67,9,81
Saturday,06-08-2022,02:00:00,26,32,20,,4,64,11,78
Saturday,06-08-2022,03:00:00,23,28,15,,4,62,14,75
Saturday,06-08-2022,04:00:00,12,21,12,,4,56,,70
Saturday,06-08-2022,05:00:00,10,22,12,,3,34,5,70
Saturday,06-08-2022,06:00:00,6,26,13,,3,32,8,69
Saturday,06-08-2022,07:00:00,11,34,18,,3,45,7,69
Saturday,06-08-2022,08:00:00,18,58,20,,2,52,21,70
Saturday,06-08-2022,09:00:00,32,59,21,,3,70,7,70
Saturday,06-08-2022,10:00:00,39,83,30,,6,77,7,70
Saturday,06-08-2022,11:00:00,31,95,31,,5,68,7,70
Saturday,06-08-2022,12:00:00,8,94,34,,8,65,7,70
Saturday,06-08-2022,13:00:00,19,86,33,,5,43,6,70
Saturday,06-08-2022,14:00:00,29,101,33,,2,45,9,69
Saturday,06-08-2022,15:00:00,35,88,31,,4,48,6,69
Saturday,06-08-2022,16:00:00,32,81,34,,4,52,8,68
Saturday,06-08-2022,17:00:00,30,74,33,,4,75,27,67
Saturday,06-08-2022,18:00:00,27,79,33,,5,81,8,67
Saturday,06-08-2022,19:00:00,23,94,32,,4,81,7,66
Saturday,06-08-2022,20:00:00,24,86,34,,6,92,8,65
Saturday,06-08-2022,21:00:00,30,67,32,,5,92,7,68
Saturday,06-08-2022,22:00:00,31,60,33,,5,95,6,73
Saturday,06-08-2022,23:00:00,27,57,30,,5,85,7,78
Sunday,07-08-2022,00:00:00,24,54,25,,5,67,8,80
Sunday,07-08-2022,01:00:00,31,53,29,,4,65,8,81
Sunday,07-08-2022,02:00:00,26,46,20,,4,59,14,80
Sunday,07-08-2022,03:00:00,18,29,14,,3,58,12,77
Sunday,07-08-2022,04:00:00,13,27,12,,3,57,8,74
Sunday,07-08-2022,05:00:00,11,28,11,,4,66,6,72
Sunday,07-08-2022,06:00:00,12,38,14,,4,74,4,70
Sunday,07-08-2022,07:00:00,17,42,16,,5,75,8,67
Sunday,07-08-2022,08:00:00,28,47,20,,4,76,8,66
Sunday,07-08-2022,09:00:00,13,46,21,,4,62,8,66
Sunday,07-08-2022,10:00:00,13,50,23,,5,76,21,67
Sunday,07-08-2022,11:00:00,22,54,22,,4,78,15,69
Sunday,07-08-2022,12:00:00,22,57,22,,8,78,5,71
Sunday,07-08-2022,13:00:00,16,46,21,,2,76,7,73
Sunday,07-08-2022,14:00:00,15,54,23,,,65,9,73
Sunday,07-08-2022,15:00:00,17,47,23,,,68,8,73
Sunday,07-08-2022,16:00:00,16,38,19,,,66,7,72
Sunday,07-08-2022,17:00:00,17,43,22,,4,64,7,70
Sunday,07-08-2022,18:00:00,26,50,24,,6,71,11,71
Sunday,07-08-2022,19:00:00,22,48,30,,6,79,21,72
Sunday,07-08-2022,20:00:00,30,49,26,,5,83,9,72
Sunday,07-08-2022,21:00:00,16,47,26,,3,74,7,72
Sunday,07-08-2022,22:00:00,16,46,25,,2,66,6,71
Sunday,07-08-2022,23:00:00,23,52,20,,1,63,4,70
Monday,08-08-2022,00:00:00,21,39,17,,1,55,7,69
Monday,08-08-2022,01:00:00,16,32,13,,2,43,7,66
Monday,08-08-2022,02:00:00,20,27,10,,3,42,7,64
Monday,08-08-2022,03:00:00,22,26,8,,3,44,10,61
Monday,08-08-2022,04:00:00,11,27,9,,2,46,8,57
Monday,08-08-2022,05:00:00,12,28,10,,2,48,7,53
Monday,08-08-2022,06:00:00,21,30,13,,1,54,7,51
Monday,08-08-2022,07:00:00,18,34,17,,3,49,4,49
Monday,08-08-2022,08:00:00,28,41,20,,2,62,7,49
Monday,08-08-2022,09:00:00,34,54,26,,2,62,8,50
Monday,08-08-2022,10:00:00,35,71,27,,3,69,8,53
Monday,08-08-2022,11:00:00,31,80,26,,3,69,9,56
Monday,08-08-2022,12:00:00,35,66,29,,7,76,19,59
Monday,08-08-2022,13:00:00,25,102,27,,5,82,6,63
Monday,08-08-2022,14:00:00,27,131,27,,3,84,7,67
Monday,08-08-2022,15:00:00,22,117,27,,3,82,7,71
Monday,08-08-2022,16:00:00,23,111,27,,3,77,2,74
Monday,08-08-2022,17:00:00,30,157,30,,2,75,15,75
Monday,08-08-2022,18:00:00,28,133,34,,2,90,3,78
Monday,08-08-2022,19:00:00,39,126,35,,2,100,7,82
Monday,08-08-2022,20:00:00,39,126,46,,2,116,22,87
Monday,08-08-2022,21:00:00,70,170,52,,4,109,13,91
Monday,08-08-2022,22:00:00,78,183,45,,5,100,7,93
Monday,08-08-2022,23:00:00,58,127,35,,3,54,7,89
Tuesday,09-08-2022,00:00:00,39,92,25,,3,29,6,87
Tuesday,09-08-2022,01:00:00,22,60,23,,6,64,5,88
Tuesday,09-08-2022,02:00:00,16,64,15,,6,54,8,90
Tuesday,09-08-2022,03:00:00,13,59,13,,6,55,7,91
Tuesday,09-08-2022,04:00:00,28,68,13,,8,57,9,93
Tuesday,09-08-2022,05:00:00,27,69,19,,5,44,8,95
Tuesday,09-08-2022,06:00:00,26,64,24,,5,50,7,96
Tuesday,09-08-2022,07:00:00,18,69,21,,5,54,7,98
Tuesday,09-08-2022,08:00:00,15,81,23,,5,24,6,99
Tuesday,09-08-2022,09:00:00,20,86,21,,6,88,,100
Tuesday,09-08-2022,10:00:00,24,86,19,,5,82,6,101
Tuesday,09-08-2022,11:00:00,22,78,22,,6,76,8,101
Tuesday,09-08-2022,12:00:00,27,111,21,,8,74,9,103
Tuesday,09-08-2022,13:00:00,35,112,25,,4,120,9,103
Tuesday,09-08-2022,14:00:00,28,101,24,,2,118,8,102
Tuesday,09-08-2022,15:00:00,17,92,21,,2,119,6,101
Tuesday,09-08-2022,16:00:00,15,83,24,,3,119,8,100
Tuesday,09-08-2022,17:00:00,32,86,30,,2,62,8,97
Tuesday,09-08-2022,18:00:00,26,86,32,,2,77,3,95
Tuesday,09-08-2022,19:00:00,32,90,33,,2,92,5,95
Tuesday,09-08-2022,20:00:00,35,89,33,,2,100,6,98
Tuesday,09-08-2022,21:00:00,26,85,33,,3,99,11,101
Tuesday,09-08-2022,22:00:00,26,82,31,,3,87,8,97
Tuesday,09-08-2022,23:00:00,25,71,26,,4,83,7,93
Wednesday,10-08-2022,00:00:00,26,63,19,,4,63,7,87
Wednesday,10-08-2022,01:00:00,23,50,14,,1,34,8,80
Wednesday,10-08-2022,02:00:00,12,40,12,,,32,,79
Wednesday,10-08-2022,03:00:00,10,36,13,,,35,2,78
Wednesday,10-08-2022,04:00:00,,,,,,,,79
Wednesday,10-08-2022,05:00:00,17,33,15,,2,40,4,77
Wednesday,10-08-2022,06:00:00,13,39,18,,4,54,14,76
Wednesday,10-08-2022,07:00:00,23,62,20,,3,58,8,76
Wednesday,10-08-2022,08:00:00,29,84,21,,3,70,8,76
Wednesday,10-08-2022,09:00:00,32,86,22,,4,70,7,76
Wednesday,10-08-2022,10:00:00,19,86,21,,4,68,5,76
Wednesday,10-08-2022,11:00:00,13,93,26,,5,52,2,77
Wednesday,10-08-2022,12:00:00,30,138,26,,8,64,5,78
Wednesday,10-08-2022,13:00:00,33,137,29,,3,57,6,79
Wednesday,10-08-2022,14:00:00,33,134,30,,3,62,11,80
Wednesday,10-08-2022,15:00:00,21,107,30,,2,82,7,81
Wednesday,10-08-2022,16:00:00,26,95,30,,1,79,8,81
Wednesday,10-08-2022,17:00:00,32,94,31,,1,70,7,82
Wednesday,10-08-2022,18:00:00,30,98,30,,2,72,8,82
Wednesday,10-08-2022,19:00:00,33,101,36,,4,69,3,83
Wednesday,10-08-2022,20:00:00,37,98,46,,3,87,13,83
Wednesday,10-08-2022,21:00:00,37,99,25,,4,78,4,84
Wednesday,10-08-2022,22:00:00,14,49,14,,4,65,8,82
Wednesday,10-08-2022,23:00:00,19,51,15,,5,73,8,81
Thursday,11-08-2022,00:00:00,27,59,11,,5,66,9,81
Thursday,11-08-2022,01:00:00,23,58,21,,4,12,9,82
Thursday,11-08-2022,02:00:00,23,50,18,,4,10,16,82
Thursday,11-08-2022,03:00:00,17,49,16,,4,,3,83
Thursday,11-08-2022,04:00:00,12,40,15,,3,,,81
Thursday,11-08-2022,05:00:00,20,40,23,,4,40,5,81
Thursday,11-08-2022,06:00:00,22,46,21,,4,51,5,81
Thursday,11-08-2022,07:00:00,15,43,28,,4,60,6,81
Thursday,11-08-2022,08:00:00,35,65,24,,5,63,15,80
Thursday,11-08-2022,09:00:00,28,82,22,,2,47,6,80
Thursday,11-08-2022,10:00:00,26,81,22,,,53,6,79
Thursday,11-08-2022,11:00:00,24,86,25,,,28,7,79
Thursday,11-08-2022,12:00:00,20,80,24,,,26,5,77
Thursday,11-08-2022,13:00:00,22,81,26,,1,17,4,74
Thursday,11-08-2022,14:00:00,27,71,28,,2,24,6,72
Thursday,11-08-2022,15:00:00,37,76,25,,2,24,7,70
Thursday,11-08-2022,16:00:00,29,64,29,,1,67,10,69
Thursday,11-08-2022,17:00:00,28,69,30,,2,75,7,68
Thursday,11-08-2022,18:00:00,18,74,38,,3,88,7,67
Thursday,11-08-2022,19:00:00,27,85,24,,1,66,4,66
Thursday,11-08-2022,20:00:00,63,84,21,,3,55,5,66
Thursday,11-08-2022,21:00:00,34,62,30,,4,62,5,64
Thursday,11-08-2022,22:00:00,27,71,19,,5,44,7,65
Thursday,11-08-2022,23:00:00,22,58,12,,3,41,7,66
Friday,12-08-2022,00:00:00,12,53,10,,4,38,8,65
Friday,12-08-2022,01:00:00,19,46,13,,4,29,9,65
Friday,12-08-2022,02:00:00,14,35,15,,4,26,8,64
Friday,12-08-2022,03:00:00,15,42,19,,4,30,9,64
Friday,12-08-2022,04:00:00,25,50,17,,4,28,7,64
Friday,12-08-2022,05:00:00,25,54,15,,2,16,7,65
Friday,12-08-2022,06:00:00,23,46,16,,1,17,6,65
Friday,12-08-2022,07:00:00,13,49,19,,1,29,7,65
Friday,12-08-2022,08:00:00,28,66,21,,1,33,7,65
Friday,12-08-2022,09:00:00,32,71,22,,2,67,19,65
Friday,12-08-2022,10:00:00,28,74,23,,2,78,14,64
Friday,12-08-2022,11:00:00,22,69,25,,4,75,7,64
Friday,12-08-2022,12:00:00,16,66,23,,5,77,7,63
Friday,12-08-2022,13:00:00,18,77,25,,5,62,7,63
Friday,12-08-2022,14:00:00,27,100,28,,4,62,4,64
Friday,12-08-2022,15:00:00,39,108,34,,4,68,4,66
Friday,12-08-2022,16:00:00,56,103,37,,4,68,9,67
Friday,12-08-2022,17:00:00,38,101,33,,2,78,10,71
Friday,12-08-2022,18:00:00,40,109,51,,2,99,11,74
Friday,12-08-2022,19:00:00,48,118,53,,1,104,8,77
Friday,12-08-2022,20:00:00,49,110,36,,3,82,5,78
Friday,12-08-2022,21:00:00,48,85,25,,5,70,6,77
Friday,12-08-2022,22:00:00,58,68,20,,4,67,3,78
Friday,12-08-2022,23:00:00,71,72,17,,4,66,7,78
Saturday,13-08-2022,00:00:00,48,64,18,,4,59,8,77
Saturday,13-08-2022,01:00:00,27,54,15,,2,54,8,75
Saturday,13-08-2022,02:00:00,15,41,17,,1,53,9,75
Saturday,13-08-2022,03:00:00,21,48,14,,1,49,9,75
Saturday,13-08-2022,04:00:00,19,50,12,,,46,7,75
Saturday,13-08-2022,05:00:00,16,49,11,,3,47,7,75
Saturday,13-08-2022,06:00:00,20,44,15,,4,52,6,75
Saturday,13-08-2022,07:00:00,20,48,15,,4,58,,75
Saturday,13-08-2022,08:00:00,22,62,18,,4,62,6,75
Saturday,13-08-2022,09:00:00,27,80,21,,2,61,7,75
Saturday,13-08-2022,10:00:00,30,92,24,,0,63,9,76
Saturday,13-08-2022,11:00:00,32,95,26,,0,69,16,77
Saturday,13-08-2022,12:00:00,28,102,32,,6,68,6,78
Saturday,13-08-2022,13:00:00,29,104,31,,3,69,7,79
Saturday,13-08-2022,14:00:00,28,93,30,,2,68,7,79
Saturday,13-08-2022,15:00:00,39,75,31,,2,71,4,78
Saturday,13-08-2022,16:00:00,26,78,34,,3,70,4,77
Saturday,13-08-2022,17:00:00,44,74,28,,5,59,6,76
Saturday,13-08-2022,18:00:00,18,38,21,,7,52,8,73
Saturday,13-08-2022,19:00:00,8,33,27,,5,51,9,69
Saturday,13-08-2022,20:00:00,9,24,37,,5,54,9,66
Saturday,13-08-2022,21:00:00,25,28,36,,10,56,8,63
Saturday,13-08-2022,22:00:00,40,42,28,,10,76,8,62
Saturday,13-08-2022,23:00:00,67,74,28,,10,67,10,62
Sunday,14-08-2022,00:00:00,24,46,20,,13,59,5,61
Sunday,14-08-2022,01:00:00,18,44,37,,8,66,8,61
Sunday,14-08-2022,02:00:00,26,62,48,,5,74,7,62
Sunday,14-08-2022,03:00:00,32,58,32,,2,65,7,63
Sunday,14-08-2022,04:00:00,25,48,18,,1,54,7,63
Sunday,14-08-2022,05:00:00,8,38,12,,1,,7,63
Sunday,14-08-2022,06:00:00,10,38,12,,2,55,7,63
Sunday,14-08-2022,07:00:00,15,35,15,,1,59,7,61
Sunday,14-08-2022,08:00:00,20,47,16,,2,54,5,61
Sunday,14-08-2022,09:00:00,20,62,16,,2,63,5,61
Sunday,14-08-2022,10:00:00,12,61,21,,2,65,7,61
Sunday,14-08-2022,11:00:00,15,60,20,,3,63,7,60
Sunday,14-08-2022,12:00:00,19,51,21,,6,66,13,60
Sunday,14-08-2022,13:00:00,15,46,22,,7,68,10,62
Sunday,14-08-2022,14:00:00,9,40,22,,8,66,7,63
Sunday,14-08-2022,15:00:00,9,36,25,,5,71,7,65
Sunday,14-08-2022,16:00:00,19,39,23,,5,68,7,66
Sunday,14-08-2022,17:00:00,18,40,23,,6,64,8,66
Sunday,14-08-2022,18:00:00,28,36,29,,11,54,9,65
Sunday,14-08-2022,19:00:00,28,36,28,,12,54,7,64
Sunday,14-08-2022,20:00:00,10,33,22,,11,55,8,63
Sunday,14-08-2022,21:00:00,10,34,17,,9,56,9,62
Sunday,14-08-2022,22:00:00,12,35,16,,8,87,8,61
Sunday,14-08-2022,23:00:00,18,34,11,,8,57,8,60
Monday,15-08-2022,00:00:00,16,38,9,,6,54,8,58
Monday,15-08-2022,01:00:00,24,44,5,,3,49,8,56
Monday,15-08-2022,02:00:00,41,63,5,,4,47,7,54
Monday,15-08-2022,03:00:00,60,76,5,,3,48,8,53
Monday,15-08-2022,04:00:00,72,64,4,,2,48,5,52
Monday,15-08-2022,05:00:00,41,46,5,,2,49,9,52
Monday,15-08-2022,06:00:00,29,40,7,,2,53,8,51
Monday,15-08-2022,07:00:00,36,46,22,,2,65,8,52
Monday,15-08-2022,08:00:00,49,72,27,,2,73,9,54
Monday,15-08-2022,09:00:00,45,82,22,,3,85,11,57
Monday,15-08-2022,10:00:00,43,82,20,,2,98,5,63
Monday,15-08-2022,11:00:00,35,84,22,,2,102,7,69
Monday,15-08-2022,12:00:00,42,83,23,,5,102,8,75
Monday,15-08-2022,13:00:00,33,81,25,,4,68,8,77
Monday,15-08-2022,14:00:00,24,85,31,,5,59,20,78
Monday,15-08-2022,15:00:00,22,88,42,,5,30,6,76
Monday,15-08-2022,16:00:00,40,60,48,,5,28,8,72
Monday,15-08-2022,17:00:00,38,51,21,,6,56,8,70
Monday,15-08-2022,18:00:00,39,45,64,,5,60,8,67
Monday,15-08-2022,19:00:00,36,54,60,,7,77,6,65
Monday,15-08-2022,20:00:00,26,55,39,,6,83,8,63
Monday,15-08-2022,21:00:00,52,52,52,,5,58,8,61
Monday,15-08-2022,22:00:00,58,60,12,,4,56,9,62
Monday,15-08-2022,23:00:00,32,42,10,,3,34,10,62
Tuesday,16-08-2022,00:00:00,12,38,8,,3,30,8,62
Tuesday,16-08-2022,01:00:00,19,36,8,,6,53,8,62
Tuesday,16-08-2022,02:00:00,20,37,12,,7,53,8,61
Tuesday,16-08-2022,03:00:00,17,46,11,,7,67,5,60
Tuesday,16-08-2022,04:00:00,21,38,7,,7,68,6,58
Tuesday,16-08-2022,05:00:00,28,34,7,,5,45,8,58
Tuesday,16-08-2022,06:00:00,25,38,9,,4,39,8,58
Tuesday,16-08-2022,07:00:00,24,39,15,,5,43,9,58
Tuesday,16-08-2022,08:00:00,19,40,19,,4,43,8,56
Tuesday,16-08-2022,09:00:00,18,46,18,,2,63,8,55
Tuesday,16-08-2022,10:00:00,19,57,17,,4,61,7,54
Tuesday,16-08-2022,11:00:00,20,56,11,,3,42,6,52
Tuesday,16-08-2022,12:00:00,26,52,9,,5,37,7,51
Tuesday,16-08-2022,13:00:00,10,62,8,,2,53,7,50
Tuesday,16-08-2022,14:00:00,16,77,8,,2,52,7,50
Tuesday,16-08-2022,15:00:00,15,70,7,,2,51,8,49
Tuesday,16-08-2022,16:00:00,14,62,8,,2,52,8,50
Tuesday,16-08-2022,17:00:00,15,52,10,,4,55,8,52
Tuesday,16-08-2022,18:00:00,13,38,13,,4,56,8,51
Tuesday,16-08-2022,19:00:00,12,46,16,,3,58,7,51
Tuesday,16-08-2022,20:00:00,14,46,13,,5,57,6,52
Tuesday,16-08-2022,21:00:00,16,42,13,,4,58,6,55
Tuesday,16-08-2022,22:00:00,13,43,11,,2,60,7,55
Tuesday,16-08-2022,23:00:00,12,38,9,,1,57,7,56
Wednesday,17-08-2022,00:00:00,20,35,4,,1,52,9,56
Wednesday,17-08-2022,01:00:00,5,26,3,,2,48,8,56
Wednesday,17-08-2022,02:00:00,10,26,6,,3,48,8,55
Wednesday,17-08-2022,03:00:00,18,32,6,,1,47,8,54
Wednesday,17-08-2022,04:00:00,15,27,9,,1,47,5,53
Wednesday,17-08-2022,05:00:00,15,31,11,,0,51,5,52
Wednesday,17-08-2022,06:00:00,19,23,16,,0,53,6,51
Wednesday,17-08-2022,07:00:00,28,30,16,,1,57,7,51
Wednesday,17-08-2022,08:00:00,17,44,19,,1,60,8,51
Wednesday,17-08-2022,09:00:00,27,58,22,,4,64,10,53
Wednesday,17-08-2022,10:00:00,45,76,24,,6,70,8,55
Wednesday,17-08-2022,11:00:00,46,95,28,,8,74,8,58
Wednesday,17-08-2022,12:00:00,48,105,35,,12,69,8,61
Wednesday,17-08-2022,13:00:00,63,96,12,,7,55,7,61
Wednesday,17-08-2022,14:00:00,18,51,10,,3,54,7,62
Wednesday,17-08-2022,15:00:00,18,41,8,,4,52,8,62
Wednesday,17-08-2022,16:00:00,15,43,10,,4,60,8,62
Wednesday,17-08-2022,17:00:00,14,47,12,,7,62,9,62
Wednesday,17-08-2022,18:00:00,17,47,15,,18,62,9,62
Wednesday,17-08-2022,19:00:00,18,48,19,,8,66,10,62
Wednesday,17-08-2022,20:00:00,18,43,16,,8,69,8,61
Wednesday,17-08-2022,21:00:00,15,32,15,,5,66,7,61
Wednesday,17-08-2022,22:00:00,12,34,12,,3,63,5,62
Wednesday,17-08-2022,23:00:00,15,34,8,,3,60,7,62
Thursday,18-08-2022,00:00:00,12,34,10,,3,61,7,63
Thursday,18-08-2022,01:00:00,10,45,11,,5,47,8,62
Thursday,18-08-2022,02:00:00,10,32,13,,5,40,10,59
Thursday,18-08-2022,03:00:00,8,22,17,,6,38,9,57
Thursday,18-08-2022,04:00:00,13,22,25,,5,42,40,54
Thursday,18-08-2022,05:00:00,21,29,17,,4,49,77,52
Thursday,18-08-2022,06:00:00,21,36,22,,4,55,27,51
Thursday,18-08-2022,07:00:00,31,48,32,,5,68,6,51
Thursday,18-08-2022,08:00:00,39,60,30,,5,71,6,52
Thursday,18-08-2022,09:00:00,42,60,41,,3,92,7,56
Thursday,18-08-2022,10:00:00,48,83,44,,3,92,10,61
Thursday,18-08-2022,11:00:00,48,92,35,,44,75,10,65
Thursday,18-08-2022,12:00:00,33,92,26,,5,67,8,68
Thursday,18-08-2022,13:00:00,35,70,15,,5,58,9,70
Thursday,18-08-2022,14:00:00,29,50,14,,4,55,9,70
Thursday,18-08-2022,15:00:00,29,44,21,,4,53,6,70
Thursday,18-08-2022,16:00:00,35,42,12,,4,53,9,68
Thursday,18-08-2022,17:00:00,34,41,12,,6,55,9,67
Thursday,18-08-2022,18:00:00,26,43,18,,6,59,9,63
Thursday,18-08-2022,19:00:00,28,44,21,,5,65,10,60
Thursday,18-08-2022,20:00:00,24,38,21,,5,70,9,59
Thursday,18-08-2022,21:00:00,29,43,17,,4,71,9,60
Thursday,18-08-2022,22:00:00,43,51,16,,3,73,8,62
Thursday,18-08-2022,23:00:00,46,57,16,,3,67,6,63
Friday,19-08-2022,00:00:00,29,52,16,,3,62,7,67
Friday,19-08-2022,01:00:00,27,49,9,,5,54,8,64
Friday,19-08-2022,02:00:00,4,36,9,,4,60,7,65
Friday,19-08-2022,03:00:00,17,38,7,,4,49,10,63
Friday,19-08-2022,04:00:00,22,30,17,,4,51,7,62
Friday,19-08-2022,05:00:00,35,35,17,,2,50,9,60
Friday,19-08-2022,06:00:00,30,42,22,,1,51,14,57
Friday,19-08-2022,07:00:00,39,52,21,,1,48,12,55
Friday,19-08-2022,08:00:00,31,60,22,,0,55,11,53
Friday,19-08-2022,09:00:00,33,66,24,,0,68,6,54
Friday,19-08-2022,10:00:00,45,78,28,,1,75,7,56
Friday,19-08-2022,11:00:00,43,84,33,,1,79,7,58
Friday,19-08-2022,12:00:00,43,70,29,,2,74,10,61
Friday,19-08-2022,13:00:00,37,64,35,,2,77,13,64
Friday,19-08-2022,14:00:00,42,60,30,,1,64,4,66
Friday,19-08-2022,15:00:00,23,40,21,,3,50,3,66
Friday,19-08-2022,16:00:00,20,37,16,,3,47,2,65
Friday,19-08-2022,17:00:00,29,32,18,,5,51,6,65
Friday,19-08-2022,18:00:00,32,33,21,,6,52,8,63
Friday,19-08-2022,19:00:00,33,41,25,,6,59,8,61
Friday,19-08-2022,20:00:00,25,54,22,,6,69,11,60
Friday,19-08-2022,21:00:00,28,55,17,,7,67,9,60
Friday,19-08-2022,22:00:00,25,45,16,,8,68,9,59
Friday,19-08-2022,23:00:00,26,48,29,,6,86,10,61
Saturday,20-08-2022,00:00:00,35,71,34,,5,78,9,64
Saturday,20-08-2022,01:00:00,38,72,21,,5,62,4,66
Saturday,20-08-2022,02:00:00,28,62,24,,4,63,7,67
Saturday,20-08-2022,03:00:00,32,57,27,,5,60,6,68
Saturday,20-08-2022,04:00:00,42,59,21,,6,61,6,68
Saturday,20-08-2022,05:00:00,42,69,25,,4,59,10,67
Saturday,20-08-2022,06:00:00,43,68,23,,4,62,9,67
Saturday,20-08-2022,07:00:00,43,70,24,,3,70,9,67
Saturday,20-08-2022,08:00:00,44,91,22,,4,68,9,65
Saturday,20-08-2022,09:00:00,38,103,22,,5,74,5,64
Saturday,20-08-2022,10:00:00,39,103,23,,5,74,6,66
Saturday,20-08-2022,11:00:00,25,97,25,,4,74,7,67
Saturday,20-08-2022,12:00:00,20,84,27,,7,72,8,68
Saturday,20-08-2022,13:00:00,18,78,21,,3,74,10,70
Saturday,20-08-2022,14:00:00,18,68,24,,1,78,12,72
Saturday,20-08-2022,15:00:00,18,64,28,,1,82,8,74
Saturday,20-08-2022,16:00:00,26,72,28,,2,77,8,75
Saturday,20-08-2022,17:00:00,34,80,33,,3,77,8,76
Saturday,20-08-2022,18:00:00,33,82,36,,5,63,5,75
Saturday,20-08-2022,19:00:00,41,88,18,,5,68,7,74
Saturday,20-08-2022,20:00:00,44,78,32,,3,96,8,76
Saturday,20-08-2022,21:00:00,54,98,43,,2,100,7,79
Saturday,20-08-2022,22:00:00,49,88,46,,3,101,10,82
Saturday,20-08-2022,23:00:00,62,88,44,,1,98,9,85
Sunday,21-08-2022,00:00:00,61,80,27,,3,73,8,84
Sunday,21-08-2022,01:00:00,46,66,19,,2,62,8,82
Sunday,21-08-2022,02:00:00,36,54,16,,,58,6,80
Sunday,21-08-2022,03:00:00,29,51,14,,0,58,7,79
Sunday,21-08-2022,04:00:00,45,59,24,,0,61,7,79
Sunday,21-08-2022,05:00:00,54,69,36,,2,62,8,78
Sunday,21-08-2022,06:00:00,52,65,29,,3,68,9,78
Sunday,21-08-2022,07:00:00,52,75,26,,3,75,9,78
Sunday,21-08-2022,08:00:00,49,82,23,,4,71,9,78
Sunday,21-08-2022,09:00:00,,,,,,,,77
Sunday,21-08-2022,10:00:00,29,85,22,,6,64,5,76
Sunday,21-08-2022,11:00:00,26,83,21,,6,66,4,76
Sunday,21-08-2022,12:00:00,,,,,,,,74
Sunday,21-08-2022,13:00:00,30,75,22,,4,70,7,75
Sunday,21-08-2022,14:00:00,14,76,21,,2,70,8,75
Sunday,21-08-2022,15:00:00,19,78,19,,1,68,18,75
Sunday,21-08-2022,16:00:00,19,54,17,,2,62,6,75
Sunday,21-08-2022,17:00:00,31,74,14,,2,55,9,75
Sunday,21-08-2022,18:00:00,44,77,13,,4,55,11,75
Sunday,21-08-2022,19:00:00,32,68,16,,4,58,25,74
Sunday,21-08-2022,20:00:00,7,61,22,,4,66,6,73
Sunday,21-08-2022,21:00:00,30,58,25,,3,71,7,71
Sunday,21-08-2022,22:00:00,47,37,22,,1,81,7,69
Sunday,21-08-2022,23:00:00,10,13,35,,3,88,9,67
Monday,22-08-2022,00:00:00,10,13,11,,3,53,10,65
Monday,22-08-2022,01:00:00,13,12,5,,2,49,8,64
Monday,22-08-2022,02:00:00,10,10,6,,1,50,9,63
Monday,22-08-2022,03:00:00,3,7,6,,1,49,8,63
Monday,22-08-2022,04:00:00,10,17,5,,2,50,1,62
Monday,22-08-2022,05:00:00,10,19,12,,5,52,11,60
Monday,22-08-2022,06:00:00,17,21,15,,7,56,6,59
Monday,22-08-2022,07:00:00,23,30,18,,8,65,6,57
Monday,22-08-2022,08:00:00,37,40,18,,7,72,8,55
Monday,22-08-2022,09:00:00,30,45,28,,5,87,9,59
Monday,22-08-2022,10:00:00,39,60,27,,3,90,8,63
Monday,22-08-2022,11:00:00,,,,,,,,65
Monday,22-08-2022,12:00:00,25,63,25,,5,75,9,68
Monday,22-08-2022,13:00:00,31,64,26,,3,77,5,72
Monday,22-08-2022,14:00:00,22,60,25,,1,72,6,74
Monday,22-08-2022,15:00:00,21,54,25,,1,76,8,77
Monday,22-08-2022,16:00:00,22,58,30,,1,77,8,78
Monday,22-08-2022,17:00:00,19,65,26,,5,70,11,78
Monday,22-08-2022,18:00:00,21,48,22,,8,56,8,74
Monday,22-08-2022,19:00:00,25,42,25,,9,56,9,70
Monday,22-08-2022,20:00:00,22,43,22,,9,54,12,68
Monday,22-08-2022,21:00:00,18,40,26,,5,68,5,67
Monday,22-08-2022,22:00:00,10,44,19,,3,73,6,67
Monday,22-08-2022,23:00:00,30,34,14,,3,61,7,66
Tuesday,23-08-2022,00:00:00,12,22,13,,2,53,7,63
Tuesday,23-08-2022,01:00:00,6,18,13,,1,48,8,60
Tuesday,23-08-2022,02:00:00,7,14,12,,1,46,9,57
Tuesday,23-08-2022,03:00:00,14,16,13,,1,46,9,56
Tuesday,23-08-2022,04:00:00,,,,,,,,56
Tuesday,23-08-2022,05:00:00,,,,,,,,53
Tuesday,23-08-2022,06:00:00,,,,,,,,51
Tuesday,23-08-2022,07:00:00,,,,,,,,48
Tuesday,23-08-2022,08:00:00,,,,,,,,53
Tuesday,23-08-2022,09:00:00,,,,,,,,59
Tuesday,23-08-2022,10:00:00,40,65,25,,4,85,19,59
Tuesday,23-08-2022,11:00:00,21,68,27,,3,79,7,70
Tuesday,23-08-2022,12:00:00,18,58,29,,5,82,7,82
Tuesday,23-08-2022,13:00:00,28,54,26,,3,77,7,81
Tuesday,23-08-2022,14:00:00,22,52,23,,1,73,7,79
Tuesday,23-08-2022,15:00:00,21,48,23,,1,72,6,78
Tuesday,23-08-2022,16:00:00,11,41,16,,2,58,8,75
Tuesday,23-08-2022,17:00:00,13,48,12,,3,55,8,73
Tuesday,23-08-2022,18:00:00,33,39,14,,6,54,9,71
Tuesday,23-08-2022,19:00:00,46,51,32,,5,61,9,68
Tuesday,23-08-2022,20:00:00,29,62,23,,5,63,9,66
Tuesday,23-08-2022,21:00:00,34,48,20,,5,63,9,64
Tuesday,23-08-2022,22:00:00,24,38,13,,4,63,9,62
Tuesday,23-08-2022,23:00:00,10,30,8,,4,59,4,61
Wednesday,24-08-2022,00:00:00,12,24,9,,5,56,6,59
Wednesday,24-08-2022,01:00:00,17,31,11,,3,53,7,59
Wednesday,24-08-2022,02:00:00,18,38,11,,2,51,7,58
Wednesday,24-08-2022,03:00:00,20,28,9,,3,47,10,57
Wednesday,24-08-2022,04:00:00,18,27,5,,3,44,7,55
Wednesday,24-08-2022,05:00:00,12,11,10,,5,49,8,54
Wednesday,24-08-2022,06:00:00,14,12,14,,5,57,9,53
Wednesday,24-08-2022,07:00:00,23,18,21,,6,68,5,54
Wednesday,24-08-2022,08:00:00,33,30,23,,6,80,5,56
Wednesday,24-08-2022,09:00:00,38,34,23,,5,92,7,60
Wednesday,24-08-2022,10:00:00,52,44,28,,4,101,8,65
Wednesday,24-08-2022,11:00:00,49,52,28,,5,87,8,69
Wednesday,24-08-2022,12:00:00,26,51,26,,7,78,9,73
Wednesday,24-08-2022,13:00:00,23,56,26,,4,84,8,77
Wednesday,24-08-2022,14:00:00,25,68,32,,3,61,9,81
Wednesday,24-08-2022,15:00:00,33,67,29,,2,76,7,83
Wednesday,24-08-2022,16:00:00,36,72,37,,5,60,4,82
Wednesday,24-08-2022,17:00:00,28,54,37,,3,66,6,81
Wednesday,24-08-2022,18:00:00,34,66,59,,5,109,6,82
Wednesday,24-08-2022,19:00:00,70,115,55,,6,117,7,84
Wednesday,24-08-2022,20:00:00,71,108,68,,5,81,9,84
Wednesday,24-08-2022,21:00:00,39,61,39,,7,54,9,81
Wednesday,24-08-2022,22:00:00,25,34,28,,6,70,8,79
Wednesday,24-08-2022,23:00:00,24,46,18,,4,70,8,78
Thursday,25-08-2022,00:00:00,42,57,22,,3,59,8,76
Thursday,25-08-2022,01:00:00,40,50,52,,2,60,4,76
Thursday,25-08-2022,02:00:00,24,46,25,,3,61,6,76
Thursday,25-08-2022,03:00:00,25,50,16,,3,52,7,69
Thursday,25-08-2022,04:00:00,20,28,10,,2,48,6,62
Thursday,25-08-2022,05:00:00,18,22,10,,3,52,10,58
Thursday,25-08-2022,06:00:00,12,26,14,,2,55,9,59
Thursday,25-08-2022,07:00:00,20,38,15,,2,73,9,59
Thursday,25-08-2022,08:00:00,36,73,25,,3,84,8,60
Thursday,25-08-2022,09:00:00,50,95,35,,4,87,5,64
Thursday,25-08-2022,10:00:00,62,103,30,,5,82,6,66
Thursday,25-08-2022,11:00:00,60,105,34,,5,80,7,68
Thursday,25-08-2022,12:00:00,70,116,29,,7,71,7,70
Thursday,25-08-2022,13:00:00,40,86,26,,4,67,9,72
Thursday,25-08-2022,14:00:00,38,68,27,,2,52,9,72
Thursday,25-08-2022,15:00:00,23,41,28,,4,54,8,72
Thursday,25-08-2022,16:00:00,29,50,33,,3,81,10,73
Thursday,25-08-2022,17:00:00,36,92,37,,3,86,15,73
Thursday,25-08-2022,18:00:00,44,94,28,,4,67,6,71
Thursday,25-08-2022,19:00:00,33,76,24,,4,75,7,70
Thursday,25-08-2022,20:00:00,47,76,25,,4,81,8,70
Thursday,25-08-2022,21:00:00,39,89,48,,4,105,7,74
Thursday,25-08-2022,22:00:00,57,108,52,,3,108,12,79
Thursday,25-08-2022,23:00:00,60,116,45,,2,101,8,84
Friday,26-08-2022,00:00:00,60,94,30,,3,77,8,87
Friday,26-08-2022,01:00:00,28,57,31,,4,65,8,85
Friday,26-08-2022,02:00:00,38,76,28,,5,59,6,82
Friday,26-08-2022,03:00:00,36,68,18,,5,57,5,81
Friday,26-08-2022,04:00:00,,,,,,,,82
Friday,26-08-2022,05:00:00,,,,,,,,82
Friday,26-08-2022,06:00:00,,,,,,,,82
Friday,26-08-2022,07:00:00,37,64,28,,7,74,,83
Friday,26-08-2022,08:00:00,49,69,26,,7,82,20,83
Friday,26-08-2022,09:00:00,53,92,26,,5,88,6,83
Friday,26-08-2022,10:00:00,42,97,29,,3,82,6,83
Friday,26-08-2022,11:00:00,30,74,28,,4,68,4,81
Friday,26-08-2022,12:00:00,33,59,22,,6,53,6,78
Friday,26-08-2022,13:00:00,20,27,20,,6,52,6,76
Friday,26-08-2022,14:00:00,18,28,23,,4,68,7,74
Friday,26-08-2022,15:00:00,29,35,29,,7,89,11,73
Friday,26-08-2022,16:00:00,33,36,28,,5,61,9,73
Friday,26-08-2022,17:00:00,28,39,22,,3,54,8,70
Friday,26-08-2022,18:00:00,32,34,19,,2,54,8,67
Friday,26-08-2022,19:00:00,35,30,18,,2,52,6,65
Friday,26-08-2022,20:00:00,34,31,17,,2,57,6,63
Friday,26-08-2022,21:00:00,38,31,25,,5,62,7,61
Friday,26-08-2022,22:00:00,21,37,20,,6,74,8,63
Friday,26-08-2022,23:00:00,30,54,34,,5,98,9,67
Saturday,27-08-2022,00:00:00,48,48,25,,5,69,9,65
Saturday,27-08-2022,01:00:00,31,29,19,,4,55,8,64
Saturday,27-08-2022,02:00:00,12,13,17,,3,54,7,64
Saturday,27-08-2022,03:00:00,19,18,17,,5,53,8,64
Saturday,27-08-2022,04:00:00,15,14,14,,4,52,4,64
Saturday,27-08-2022,05:00:00,16,16,14,,3,49,6,63
Saturday,27-08-2022,06:00:00,15,16,17,,1,54,8,62
Saturday,27-08-2022,07:00:00,21,24,21,,2,64,8,61
Saturday,27-08-2022,08:00:00,23,30,26,,2,67,10,57
Saturday,27-08-2022,09:00:00,35,35,32,,3,80,10,59
Saturday,27-08-2022,10:00:00,26,47,39,,3,89,14,62
Saturday,27-08-2022,11:00:00,34,63,42,,4,95,10,67
Saturday,27-08-2022,12:00:00,35,76,48,,5,94,7,72
Saturday,27-08-2022,13:00:00,40,80,28,,2,70,6,74
Saturday,27-08-2022,14:00:00,32,66,21,,1,59,9,75
Saturday,27-08-2022,15:00:00,47,55,16,,2,57,9,75
Saturday,27-08-2022,16:00:00,37,49,17,,2,53,9,74
Saturday,27-08-2022,17:00:00,21,37,20,,3,53,9,72
Saturday,27-08-2022,18:00:00,26,31,31,,2,54,9,69
Saturday,27-08-2022,19:00:00,20,22,31,,2,56,10,66
Saturday,27-08-2022,20:00:00,21,30,26,,2,63,9,62
Saturday,27-08-2022,21:00:00,26,41,27,,1,86,5,61
Saturday,27-08-2022,22:00:00,19,47,34,,,93,6,64
Saturday,27-08-2022,23:00:00,22,38,33,,,89,7,67
Sunday,28-08-2022,00:00:00,22,41,30,,,82,8,70
Sunday,28-08-2022,01:00:00,21,38,26,,2,56,12,70
Sunday,28-08-2022,02:00:00,15,16,17,,3,47,12,70
Sunday,28-08-2022,03:00:00,12,16,15,,2,46,6,69
Sunday,28-08-2022,04:00:00,8,13,12,,3,47,8,68
Sunday,28-08-2022,05:00:00,10,20,12,,1,52,6,66
Sunday,28-08-2022,06:00:00,12,22,13,,0,57,4,63
Sunday,28-08-2022,07:00:00,22,32,19,,1,60,8,60
Sunday,28-08-2022,08:00:00,21,34,20,,1,65,7,57
Sunday,28-08-2022,09:00:00,30,54,24,,1,71,8,56
Sunday,28-08-2022,10:00:00,36,83,29,,2,73,13,58
Sunday,28-08-2022,11:00:00,31,84,29,,2,69,11,60
Sunday,28-08-2022,12:00:00,25,76,21,,5,54,5,61
Sunday,28-08-2022,13:00:00,23,40,23,,2,52,8,61
Sunday,28-08-2022,14:00:00,22,33,21,,1,53,4,62
Sunday,28-08-2022,15:00:00,25,30,15,,1,56,7,61
Sunday,28-08-2022,16:00:00,30,31,14,,1,50,9,60
Sunday,28-08-2022,17:00:00,20,32,19,,3,63,8,60
Sunday,28-08-2022,18:00:00,22,42,37,,4,88,10,62
Sunday,28-08-2022,19:00:00,34,61,56,,5,73,9,62
Sunday,28-08-2022,20:00:00,47,51,42,,6,55,12,60
Sunday,28-08-2022,21:00:00,36,50,56,,6,109,11,67
Sunday,28-08-2022,22:00:00,73,102,50,,8,114,8,73
Sunday,28-08-2022,23:00:00,66,97,50,,7,112,5,80
Monday,29-08-2022,00:00:00,49,86,46,,6,105,6,85
Monday,29-08-2022,01:00:00,42,69,39,,7,91,7,90
Monday,29-08-2022,02:00:00,31,49,32,,6,72,9,91
Monday,29-08-2022,03:00:00,25,39,22,,6,57,10,88
Monday,29-08-2022,04:00:00,22,27,18,,4,53,7,85
Monday,29-08-2022,05:00:00,11,24,19,,4,57,20,86
Monday,29-08-2022,06:00:00,19,22,25,,5,53,5,79
Monday,29-08-2022,07:00:00,15,15,27,,6,55,3,73
Monday,29-08-2022,08:00:00,17,18,20,,5,63,6,67
Monday,29-08-2022,09:00:00,19,21,23,,3,78,9,64
Monday,29-08-2022,10:00:00,30,24,37,,2,100,7,65
Monday,29-08-2022,11:00:00,54,51,50,,2,94,10,68
Monday,29-08-2022,12:00:00,51,60,38,,5,80,9,70
Monday,29-08-2022,13:00:00,45,54,20,,7,68,9,72
Monday,29-08-2022,14:00:00,34,34,17,,5,65,8,73
Monday,29-08-2022,15:00:00,29,26,16,,6,59,7,74
Monday,29-08-2022,16:00:00,25,25,12,,6,55,6,74
Monday,29-08-2022,17:00:00,36,27,12,,10,50,8,72
Monday,29-08-2022,18:00:00,27,26,12,,8,49,7,69
Monday,29-08-2022,19:00:00,23,27,30,,7,49,8,63
Monday,29-08-2022,20:00:00,25,25,,,8,49,9,58
Monday,29-08-2022,21:00:00,18,19,,,9,49,9,55
Monday,29-08-2022,22:00:00,20,18,,,6,49,8,53
Monday,29-08-2022,23:00:00,19,19,,,5,51,8,51
Tuesday,30-08-2022,00:00:00,18,21,19,,5,51,4,50
Tuesday,30-08-2022,01:00:00,21,21,23,,9,49,5,50
Tuesday,30-08-2022,02:00:00,18,24,13,,12,48,8,49
Tuesday,30-08-2022,03:00:00,15,19,13,,11,48,7,49
Tuesday,30-08-2022,04:00:00,21,20,13,,12,47,8,49
Tuesday,30-08-2022,05:00:00,25,45,24,,7,65,9,51
Tuesday,30-08-2022,06:00:00,38,112,41,,8,73,8,53
Tuesday,30-08-2022,07:00:00,62,123,37,,8,93,8,58
Tuesday,30-08-2022,08:00:00,80,119,42,,5,96,8,63
Tuesday,30-08-2022,09:00:00,76,97,19,,9,58,4,64
Tuesday,30-08-2022,10:00:00,40,32,18,,8,56,6,65
Tuesday,30-08-2022,11:00:00,35,33,7,,7,50,7,65
Tuesday,30-08-2022,12:00:00,23,24,3,,9,49,8,65
Tuesday,30-08-2022,13:00:00,25,25,6,,3,47,9,65
Tuesday,30-08-2022,14:00:00,27,23,10,,2,47,8,63
Tuesday,30-08-2022,15:00:00,22,22,8,,1,46,8,60
Tuesday,30-08-2022,16:00:00,16,17,9,,1,45,10,55
Tuesday,30-08-2022,17:00:00,13,16,12,,4,45,7,49
Tuesday,30-08-2022,18:00:00,17,21,13,,4,45,6,48
Tuesday,30-08-2022,19:00:00,18,22,20,,6,48,7,47
Tuesday,30-08-2022,20:00:00,23,24,21,,5,48,6,47
Tuesday,30-08-2022,21:00:00,21,25,20,,6,46,9,46
Tuesday,30-08-2022,22:00:00,18,26,19,,4,46,8,46
Tuesday,30-08-2022,23:00:00,25,22,14,,5,46,9,46
Wednesday,31-08-2022,00:00:00,21,16,15,,4,44,9,46
Wednesday,31-08-2022,01:00:00,10,14,17,,2,46,10,46
Wednesday,31-08-2022,02:00:00,9,20,14,,2,48,3,46
Wednesday,31-08-2022,03:00:00,10,16,20,,3,55,6,47
Wednesday,31-08-2022,04:00:00,12,12,15,,6,52,6,48
Wednesday,31-08-2022,05:00:00,11,12,10,,5,46,7,48
Wednesday,31-08-2022,06:00:00,12,13,22,,6,74,10,51
Wednesday,31-08-2022,07:00:00,31,46,23,,6,91,8,56
Wednesday,31-08-2022,08:00:00,59,94,24,,5,75,9,59
Wednesday,31-08-2022,09:00:00,47,65,13,,6,51,8,60
Wednesday,31-08-2022,10:00:00,17,21,12,,5,50,5,60
Wednesday,31-08-2022,11:00:00,13,,11,,5,46,5,60
Wednesday,31-08-2022,12:00:00,,,10,,7,47,8,59
Wednesday,31-08-2022,13:00:00,8,10,8,,2,48,7,59
Wednesday,31-08-2022,14:00:00,8,10,12,,2,50,9,59
Wednesday,31-08-2022,15:00:00,9,9,12,,4,52,8,57
Wednesday,31-08-2022,16:00:00,9,10,8,,2,47,8,52
Wednesday,31-08-2022,17:00:00,5,16,6,,4,46,8,49
Wednesday,31-08-2022,18:00:00,5,16,10,,5,61,8,50
Wednesday,31-08-2022,19:00:00,6,20,11,,5,63,4,51
Wednesday,31-08-2022,20:00:00,12,13,19,,6,86,6,56
Wednesday,31-08-2022,21:00:00,19,22,18,,3,77,6,59
Wednesday,31-08-2022,22:00:00,15,24,18,,4,106,7,65
Wednesday,31-08-2022,23:00:00,4,48,20,,,106,11,72
