,Day,Date,Time,PM2.5,PM10,NO2,SO2,CO,OZONE,AQI
0,Monday,01-08-2022,00:00:00,20.0,31.0,22.647151898734176,2.0,40.0,9.0,40
1,Monday,01-08-2022,01:00:00,20.0,30.0,22.647151898734176,3.0,37.0,9.0,40
2,Monday,01-08-2022,02:00:00,23.5,27.5,22.647151898734176,2.5,39.5,8.5,41
3,Monday,01-08-2022,03:00:00,27.0,25.0,22.647151898734176,2.0,42.0,8.0,41
4,Monday,01-08-2022,04:00:00,20.0,20.0,22.647151898734176,1.0,36.0,4.0,41
5,Monday,01-08-2022,05:00:00,15.0,17.0,22.647151898734176,2.0,31.0,5.0,41
6,Monday,01-08-2022,06:00:00,21.0,29.0,22.647151898734176,4.0,42.0,7.0,41
7,Monday,01-08-2022,07:00:00,48.0,54.0,22.647151898734176,6.0,53.0,7.0,41
8,Monday,01-08-2022,08:00:00,48.0,74.0,22.647151898734176,5.0,54.0,8.0,42
9,Monday,01-08-2022,09:00:00,45.0,77.0,22.647151898734176,2.0,71.0,10.0,46
10,Monday,01-08-2022,10:00:00,48.0,92.0,22.647151898734176,1.0,75.0,9.0,50
11,Monday,01-08-2022,11:00:00,62.0,106.0,22.647151898734176,2.0,60.0,9.0,52
12,Monday,01-08-2022,12:00:00,53.0,78.0,22.647151898734176,6.0,54.0,8.0,53
13,Monday,01-08-2022,13:00:00,47.0,58.0,22.647151898734176,3.0,62.0,7.0,56
14,Monday,01-08-2022,14:00:00,47.0,56.0,22.647151898734176,3.0,62.0,10.0,59
15,Monday,01-08-2022,15:00:00,58.0,59.0,22.647151898734176,3.0,61.0,11.0,61
16,Monday,01-08-2022,16:00:00,51.0,50.0,22.647151898734176,4.0,57.0,10.0,62
17,Monday,01-08-2022,17:00:00,38.0,40.0,22.647151898734176,5.0,55.0,10.0,62
18,Monday,01-08-2022,18:00:00,34.0,35.0,22.647151898734176,4.0,52.0,9.0,60
19,Monday,01-08-2022,19:00:00,35.0,39.0,22.647151898734176,4.0,54.0,8.0,57
20,Monday,01-08-2022,20:00:00,38.0,34.0,22.647151898734176,5.0,55.0,8.0,57
21,Monday,01-08-2022,21:00:00,40.0,32.0,22.647151898734176,4.0,42.0,8.0,56
22,Monday,01-08-2022,22:00:00,38.0,35.0,22.647151898734176,4.0,50.0,5.0,54
23,Monday,01-08-2022,23:00:00,28.0,41.0,22.647151898734176,4.0,48.0,8.0,53
24,Tuesday,02-08-2022,00:00:00,34.0,36.0,22.647151898734176,4.0,46.0,9.0,51
25,Tuesday,02-08-2022,01:00:00,53.0,40.0,22.647151898734176,5.0,38.0,9.0,49
26,Tuesday,02-08-2022,02:00:00,31.0,32.0,22.647151898734176,5.0,39.0,10.0,48
27,Tuesday,02-08-2022,03:00:00,29.0,31.0,22.647151898734176,4.0,45.0,9.0,49
28,Tuesday,02-08-2022,04:00:00,42.0,36.0,22.647151898734176,7.0,35.0,8.0,49
29,Tuesday,02-08-2022,05:00:00,34.0,32.0,22.647151898734176,5.0,18.0,9.0,50
30,Tuesday,02-08-2022,06:00:00,28.0,44.0,22.647151898734176,4.0,25.0,18.0,50
31,Tuesday,02-08-2022,07:00:00,20.0,42.0,22.647151898734176,4.0,40.0,5.0,50
32,Tuesday,02-08-2022,08:00:00,36.33333333333333,60.66666666666667,22.647151898734176,4.0,43.333333333333336,6.333333333333333,49
33,Tuesday,02-08-2022,09:00:00,52.666666666666664,79.33333333333334,22.647151898734176,4.0,46.666666666666664,7.666666666666666,48
34,Tuesday,02-08-2022,10:00:00,69.0,98.0,22.647151898734176,4.0,50.0,9.0,48
35,Tuesday,02-08-2022,11:00:00,48.0,70.0,22.647151898734176,5.0,44.0,9.0,46
36,Tuesday,02-08-2022,12:00:00,36.0,44.0,22.647151898734176,8.0,45.0,9.0,45
37,Tuesday,02-08-2022,13:00:00,33.0,43.0,22.647151898734176,8.0,31.0,8.0,44
38,Tuesday,02-08-2022,14:00:00,47.0,50.0,22.647151898734176,9.0,26.0,9.0,44
39,Tuesday,02-08-2022,15:00:00,45.0,42.0,22.647151898734176,7.0,30.0,4.0,43
40,Tuesday,02-08-2022,16:00:00,43.0,44.0,22.647151898734176,8.0,27.0,8.0,43
41,Tuesday,02-08-2022,17:00:00,45.0,42.0,22.647151898734176,2.0,45.0,8.0,43
42,Tuesday,02-08-2022,18:00:00,42.0,44.0,22.647151898734176,1.0,47.0,9.0,43
43,Tuesday,02-08-2022,19:00:00,43.0,49.0,22.647151898734176,0.0,55.0,11.0,44
44,Tuesday,02-08-2022,20:00:00,37.0,55.0,22.647151898734176,0.0,64.0,9.0,45
45,Tuesday,02-08-2022,21:00:00,38.0,64.0,22.647151898734176,2.0,62.0,9.0,46
46,Tuesday,02-08-2022,22:00:00,45.0,80.0,22.647151898734176,3.0,66.0,8.0,48
47,Tuesday,02-08-2022,23:00:00,62.0,88.0,22.647151898734176,3.0,62.0,6.0,51
48,Wednesday,03-08-2022,00:00:00,68.0,100.0,22.647151898734176,3.0,62.0,6.0,54
49,Wednesday,03-08-2022,01:00:00,71.0,123.0,22.647151898734176,2.0,53.0,7.0,57
50,Wednesday,03-08-2022,02:00:00,53.0,77.0,22.647151898734176,3.0,48.0,7.0,59
51,Wednesday,03-08-2022,03:00:00,40.0,52.0,22.647151898734176,2.0,46.0,9.0,60
52,Wednesday,03-08-2022,04:00:00,48.0,51.0,22.647151898734176,3.0,45.0,6.0,61
53,Wednesday,03-08-2022,05:00:00,42.0,44.0,22.647151898734176,2.0,65.0,9.0,61
54,Wednesday,03-08-2022,06:00:00,50.0,73.0,22.647151898734176,2.0,73.0,8.0,62
55,Wednesday,03-08-2022,07:00:00,55.0,64.0,22.647151898734176,3.0,82.0,9.0,64
56,Wednesday,03-08-2022,08:00:00,62.0,54.0,22.647151898734176,3.0,95.0,4.0,63
57,Wednesday,03-08-2022,09:00:00,60.0,45.0,22.647151898734176,2.0,42.0,6.0,62
58,Wednesday,03-08-2022,10:00:00,12.0,16.0,22.647151898734176,2.6666666666666665,38.0,8.0,59
59,Wednesday,03-08-2022,11:00:00,12.0,18.0,22.647151898734176,3.333333333333333,52.0,7.0,60
60,Wednesday,03-08-2022,12:00:00,14.5,23.0,22.647151898734176,4.0,42.0,10.0,59
61,Wednesday,03-08-2022,13:00:00,17.0,28.0,22.647151898734176,1.0,67.0,8.0,62
62,Wednesday,03-08-2022,14:00:00,32.0,41.0,22.647151898734176,1.0,90.0,9.0,65
63,Wednesday,03-08-2022,15:00:00,66.0,70.0,22.647151898734176,1.0,60.0,8.0,63
64,Wednesday,03-08-2022,16:00:00,29.0,41.0,22.647151898734176,3.0,56.0,6.0,60
65,Wednesday,03-08-2022,17:00:00,24.0,48.0,22.647151898734176,3.0,46.0,5.0,58
66,Wednesday,03-08-2022,18:00:00,20.0,57.0,22.647151898734176,3.0,46.0,7.0,58
67,Wednesday,03-08-2022,19:00:00,23.0,42.0,22.647151898734176,4.0,53.0,8.0,58
68,Wednesday,03-08-2022,20:00:00,22.0,56.0,22.647151898734176,3.0,75.0,9.0,59
69,Wednesday,03-08-2022,21:00:00,45.0,90.0,22.647151898734176,4.0,98.0,9.0,66
70,Wednesday,03-08-2022,22:00:00,72.0,92.0,22.647151898734176,4.0,108.0,10.0,70
71,Wednesday,03-08-2022,23:00:00,130.0,118.0,22.647151898734176,3.0,101.0,8.0,71
72,Thursday,04-08-2022,00:00:00,87.0,105.0,22.647151898734176,3.0,84.0,8.0,74
73,Thursday,04-08-2022,01:00:00,80.0,96.0,22.647151898734176,4.0,84.0,4.0,77
74,Thursday,04-08-2022,02:00:00,33.0,60.0,22.647151898734176,5.0,79.0,7.0,81
75,Thursday,04-08-2022,03:00:00,38.0,69.0,22.647151898734176,6.0,74.0,9.0,84
76,Thursday,04-08-2022,04:00:00,30.0,74.0,22.647151898734176,4.0,78.0,5.0,87
77,Thursday,04-08-2022,05:00:00,57.0,73.0,22.647151898734176,4.0,34.0,9.0,82
78,Thursday,04-08-2022,06:00:00,35.0,60.0,22.647151898734176,4.0,43.0,9.0,76
79,Thursday,04-08-2022,07:00:00,45.0,96.0,22.647151898734176,6.0,60.0,9.0,71
80,Thursday,04-08-2022,08:00:00,45.0,96.0,22.647151898734176,6.0,59.0,7.0,66
81,Thursday,04-08-2022,09:00:00,63.5,117.5,22.647151898734176,5.5,70.5,6.5,66
82,Thursday,04-08-2022,10:00:00,82.0,139.0,22.647151898734176,5.0,82.0,6.0,71
83,Thursday,04-08-2022,11:00:00,80.0,147.5,22.647151898734176,7.0,93.5,7.0,74
84,Thursday,04-08-2022,12:00:00,78.0,156.0,22.647151898734176,9.0,105.0,8.0,78
85,Thursday,04-08-2022,13:00:00,82.0,205.0,22.647151898734176,5.0,103.0,8.0,86
86,Thursday,04-08-2022,14:00:00,83.0,204.0,22.647151898734176,4.0,92.0,9.0,93
87,Thursday,04-08-2022,15:00:00,75.0,164.0,22.647151898734176,4.0,58.0,9.0,97
88,Thursday,04-08-2022,16:00:00,68.0,104.0,22.647151898734176,4.0,64.0,8.0,100
89,Thursday,04-08-2022,17:00:00,72.0,85.0,22.647151898734176,2.0,60.0,10.0,102
90,Thursday,04-08-2022,18:00:00,60.0,66.0,22.647151898734176,2.0,65.0,5.0,102
91,Thursday,04-08-2022,19:00:00,35.0,49.0,22.647151898734176,1.0,86.0,7.0,103
92,Thursday,04-08-2022,20:00:00,41.0,82.0,22.647151898734176,2.0,96.0,8.0,104
93,Thursday,04-08-2022,21:00:00,45.0,97.0,22.647151898734176,2.0,92.0,8.0,104
94,Thursday,04-08-2022,22:00:00,66.0,91.0,22.647151898734176,1.0,96.0,9.0,104
95,Thursday,04-08-2022,23:00:00,75.0,101.0,22.647151898734176,2.0,74.0,8.0,103
96,Friday,05-08-2022,00:00:00,28.0,55.0,22.647151898734176,1.0,57.0,8.0,101
97,Friday,05-08-2022,01:00:00,10.0,35.0,22.647151898734176,4.0,41.0,8.0,98
98,Friday,05-08-2022,02:00:00,25.0,22.0,22.647151898734176,2.0,40.0,9.0,96
99,Friday,05-08-2022,03:00:00,17.0,36.0,22.647151898734176,3.0,47.0,4.0,95
100,Friday,05-08-2022,04:00:00,16.0,38.0,22.647151898734176,2.0,41.0,7.0,93
101,Friday,05-08-2022,05:00:00,17.0,29.0,22.647151898734176,5.0,40.0,7.0,91
102,Friday,05-08-2022,06:00:00,14.0,32.0,22.647151898734176,4.0,45.0,9.0,90
103,Friday,05-08-2022,07:00:00,13.0,33.0,22.647151898734176,6.0,48.0,9.0,87
104,Friday,05-08-2022,08:00:00,32.0,45.0,22.647151898734176,6.0,56.0,10.0,85
105,Friday,05-08-2022,09:00:00,33.0,65.0,22.647151898734176,5.0,84.0,21.0,84
106,Friday,05-08-2022,10:00:00,23.0,82.0,22.647151898734176,5.0,80.0,29.0,82
107,Friday,05-08-2022,11:00:00,23.0,82.0,22.647151898734176,5.0,76.0,19.0,82
108,Friday,05-08-2022,12:00:00,32.0,96.0,22.647151898734176,7.0,70.0,7.0,79
109,Friday,05-08-2022,13:00:00,29.0,103.0,22.647151898734176,3.0,71.0,6.0,75
110,Friday,05-08-2022,14:00:00,32.0,105.0,22.647151898734176,1.0,64.0,7.0,71
111,Friday,05-08-2022,15:00:00,22.0,95.0,22.647151898734176,1.0,74.0,17.0,68
112,Friday,05-08-2022,16:00:00,27.0,108.0,30.0,1.0,72.0,12.0,71
113,Friday,05-08-2022,17:00:00,25.0,93.0,35.0,1.0,87.0,9.0,75
114,Friday,05-08-2022,18:00:00,25.0,91.0,36.0,1.0,93.0,7.0,76
115,Friday,05-08-2022,19:00:00,41.0,109.0,41.0,1.0,103.0,4.0,79
116,Friday,05-08-2022,20:00:00,43.0,111.0,34.0,0.0,103.0,3.0,82
117,Friday,05-08-2022,21:00:00,23.0,75.0,36.0,4.0,68.0,6.0,82
118,Friday,05-08-2022,22:00:00,30.0,73.0,42.0,6.0,86.0,8.0,83
119,Friday,05-08-2022,23:00:00,50.0,80.0,40.0,5.0,66.0,10.0,84
120,Saturday,06-08-2022,00:00:00,27.0,51.0,36.0,5.0,54.0,9.0,81
121,Saturday,06-08-2022,01:00:00,22.0,40.0,24.0,5.0,67.0,9.0,81
122,Saturday,06-08-2022,02:00:00,26.0,32.0,20.0,4.0,64.0,11.0,78
123,Saturday,06-08-2022,03:00:00,23.0,28.0,15.0,4.0,62.0,14.0,75
124,Saturday,06-08-2022,04:00:00,12.0,21.0,12.0,4.0,56.0,9.5,70
125,Saturday,06-08-2022,05:00:00,10.0,22.0,12.0,3.0,34.0,5.0,70
126,Saturday,06-08-2022,06:00:00,6.0,26.0,13.0,3.0,32.0,8.0,69
127,Saturday,06-08-2022,07:00:00,11.0,34.0,18.0,3.0,45.0,7.0,69
128,Saturday,06-08-2022,08:00:00,18.0,58.0,20.0,2.0,52.0,21.0,70
129,Saturday,06-08-2022,09:00:00,32.0,59.0,21.0,3.0,70.0,7.0,70
130,Saturday,06-08-2022,10:00:00,39.0,83.0,30.0,6.0,77.0,7.0,70
131,Saturday,06-08-2022,11:00:00,31.0,95.0,31.0,5.0,68.0,7.0,70
132,Saturday,06-08-2022,12:00:00,8.0,94.0,34.0,8.0,65.0,7.0,70
133,Saturday,06-08-2022,13:00:00,19.0,86.0,33.0,5.0,43.0,6.0,70
134,Saturday,06-08-2022,14:00:00,29.0,101.0,33.0,2.0,45.0,9.0,69
135,Saturday,06-08-2022,15:00:00,35.0,88.0,31.0,4.0,48.0,6.0,69
136,Saturday,06-08-2022,16:00:00,32.0,81.0,34.0,4.0,52.0,8.0,68
137,Saturday,06-08-2022,17:00:00,30.0,74.0,33.0,4.0,75.0,27.0,67
138,Saturday,06-08-2022,18:00:00,27.0,79.0,33.0,5.0,81.0,8.0,67
139,Saturday,06-08-2022,19:00:00,23.0,94.0,32.0,4.0,81.0,7.0,66
140,Saturday,06-08-2022,20:00:00,24.0,86.0,34.0,6.0,92.0,8.0,65
141,Saturday,06-08-2022,21:00:00,30.0,67.0,32.0,5.0,92.0,7.0,68
142,Saturday,06-08-2022,22:00:00,31.0,60.0,33.0,5.0,95.0,6.0,73
143,Saturday,06-08-2022,23:00:00,27.0,57.0,30.0,5.0,85.0,7.0,78
144,Sunday,07-08-2022,00:00:00,24.0,54.0,25.0,5.0,67.0,8.0,80
145,Sunday,07-08-2022,01:00:00,31.0,53.0,29.0,4.0,65.0,8.0,81
146,Sunday,07-08-2022,02:00:00,26.0,46.0,20.0,4.0,59.0,14.0,80
147,Sunday,07-08-2022,03:00:00,18.0,29.0,14.0,3.0,58.0,12.0,77
148,Sunday,07-08-2022,04:00:00,13.0,27.0,12.0,3.0,57.0,8.0,74
149,Sunday,07-08-2022,05:00:00,11.0,28.0,11.0,4.0,66.0,6.0,72
150,Sunday,07-08-2022,06:00:00,12.0,38.0,14.0,4.0,74.0,4.0,70
151,Sunday,07-08-2022,07:00:00,17.0,42.0,16.0,5.0,75.0,8.0,67
152,Sunday,07-08-2022,08:00:00,28.0,47.0,20.0,4.0,76.0,8.0,66
153,Sunday,07-08-2022,09:00:00,13.0,46.0,21.0,4.0,62.0,8.0,66
154,Sunday,07-08-2022,10:00:00,13.0,50.0,23.0,5.0,76.0,21.0,67
155,Sunday,07-08-2022,11:00:00,22.0,54.0,22.0,4.0,78.0,15.0,69
156,Sunday,07-08-2022,12:00:00,22.0,57.0,22.0,8.0,78.0,5.0,71
157,Sunday,07-08-2022,13:00:00,16.0,46.0,21.0,2.0,76.0,7.0,73
158,Sunday,07-08-2022,14:00:00,15.0,54.0,23.0,2.5,65.0,9.0,73
159,Sunday,07-08-2022,15:00:00,17.0,47.0,23.0,3.0,68.0,8.0,73
160,Sunday,07-08-2022,16:00:00,16.0,38.0,19.0,3.5,66.0,7.0,72
161,Sunday,07-08-2022,17:00:00,17.0,43.0,22.0,4.0,64.0,7.0,70
162,Sunday,07-08-2022,18:00:00,26.0,50.0,24.0,6.0,71.0,11.0,71
163,Sunday,07-08-2022,19:00:00,22.0,48.0,30.0,6.0,79.0,21.0,72
164,Sunday,07-08-2022,20:00:00,30.0,49.0,26.0,5.0,83.0,9.0,72
165,Sunday,07-08-2022,21:00:00,16.0,47.0,26.0,3.0,74.0,7.0,72
166,Sunday,07-08-2022,22:00:00,16.0,46.0,25.0,2.0,66.0,6.0,71
167,Sunday,07-08-2022,23:00:00,23.0,52.0,20.0,1.0,63.0,4.0,70
168,Monday,08-08-2022,00:00:00,21.0,39.0,17.0,1.0,55.0,7.0,69
169,Monday,08-08-2022,01:00:00,16.0,32.0,13.0,2.0,43.0,7.0,66
170,Monday,08-08-2022,02:00:00,20.0,27.0,10.0,3.0,42.0,7.0,64
171,Monday,08-08-2022,03:00:00,22.0,26.0,8.0,3.0,44.0,10.0,61
172,Monday,08-08-2022,04:00:00,11.0,27.0,9.0,2.0,46.0,8.0,57
173,Monday,08-08-2022,05:00:00,12.0,28.0,10.0,2.0,48.0,7.0,53
174,Monday,08-08-2022,06:00:00,21.0,30.0,13.0,1.0,54.0,7.0,51
175,Monday,08-08-2022,07:00:00,18.0,34.0,17.0,3.0,49.0,4.0,49
176,Monday,08-08-2022,08:00:00,28.0,41.0,20.0,2.0,62.0,7.0,49
177,Monday,08-08-2022,09:00:00,34.0,54.0,26.0,2.0,62.0,8.0,50
178,Monday,08-08-2022,10:00:00,35.0,71.0,27.0,3.0,69.0,8.0,53
179,Monday,08-08-2022,11:00:00,31.0,80.0,26.0,3.0,69.0,9.0,56
180,Monday,08-08-2022,12:00:00,35.0,66.0,29.0,7.0,76.0,19.0,59
181,Monday,08-08-2022,13:00:00,25.0,102.0,27.0,5.0,82.0,6.0,63
182,Monday,08-08-2022,14:00:00,27.0,131.0,27.0,3.0,84.0,7.0,67
183,Monday,08-08-2022,15:00:00,22.0,117.0,27.0,3.0,82.0,7.0,71
184,Monday,08-08-2022,16:00:00,23.0,111.0,27.0,3.0,77.0,2.0,74
185,Monday,08-08-2022,17:00:00,30.0,157.0,30.0,2.0,75.0,15.0,75
186,Monday,08-08-2022,18:00:00,28.0,133.0,34.0,2.0,90.0,3.0,78
187,Monday,08-08-2022,19:00:00,39.0,126.0,35.0,2.0,100.0,7.0,82
188,Monday,08-08-2022,20:00:00,39.0,126.0,46.0,2.0,116.0,22.0,87
189,Monday,08-08-2022,21:00:00,70.0,170.0,52.0,4.0,109.0,13.0,91
190,Monday,08-08-2022,22:00:00,78.0,183.0,45.0,5.0,100.0,7.0,93
191,Monday,08-08-2022,23:00:00,58.0,127.0,35.0,3.0,54.0,7.0,89
192,Tuesday,09-08-2022,00:00:00,39.0,92.0,25.0,3.0,29.0,6.0,87
193,Tuesday,09-08-2022,01:00:00,22.0,60.0,23.0,6.0,64.0,5.0,88
194,Tuesday,09-08-2022,02:00:00,16.0,64.0,15.0,6.0,54.0,8.0,90
195,Tuesday,09-08-2022,03:00:00,13.0,59.0,13.0,6.0,55.0,7.0,91
196,Tuesday,09-08-2022,04:00:00,28.0,68.0,13.0,8.0,57.0,9.0,93
197,Tuesday,09-08-2022,05:00:00,27.0,69.0,19.0,5.0,44.0,8.0,95
198,Tuesday,09-08-2022,06:00:00,26.0,64.0,24.0,5.0,50.0,7.0,96
199,Tuesday,09-08-2022,07:00:00,18.0,69.0,21.0,5.0,54.0,7.0,98
200,Tuesday,09-08-2022,08:00:00,15.0,81.0,23.0,5.0,24.0,6.0,99
201,Tuesday,09-08-2022,09:00:00,20.0,86.0,21.0,6.0,88.0,6.0,100
202,Tuesday,09-08-2022,10:00:00,24.0,86.0,19.0,5.0,82.0,6.0,101
203,Tuesday,09-08-2022,11:00:00,22.0,78.0,22.0,6.0,76.0,8.0,101
204,Tuesday,09-08-2022,12:00:00,27.0,111.0,21.0,8.0,74.0,9.0,103
205,Tuesday,09-08-2022,13:00:00,35.0,112.0,25.0,4.0,120.0,9.0,103
206,Tuesday,09-08-2022,14:00:00,28.0,101.0,24.0,2.0,118.0,8.0,102
207,Tuesday,09-08-2022,15:00:00,17.0,92.0,21.0,2.0,119.0,6.0,101
208,Tuesday,09-08-2022,16:00:00,15.0,83.0,24.0,3.0,119.0,8.0,100
209,Tuesday,09-08-2022,17:00:00,32.0,86.0,30.0,2.0,62.0,8.0,97
210,Tuesday,09-08-2022,18:00:00,26.0,86.0,32.0,2.0,77.0,3.0,95
211,Tuesday,09-08-2022,19:00:00,32.0,90.0,33.0,2.0,92.0,5.0,95
212,Tuesday,09-08-2022,20:00:00,35.0,89.0,33.0,2.0,100.0,6.0,98
213,Tuesday,09-08-2022,21:00:00,26.0,85.0,33.0,3.0,99.0,11.0,101
214,Tuesday,09-08-2022,22:00:00,26.0,82.0,31.0,3.0,87.0,8.0,97
215,Tuesday,09-08-2022,23:00:00,25.0,71.0,26.0,4.0,83.0,7.0,93
216,Wednesday,10-08-2022,00:00:00,26.0,63.0,19.0,4.0,63.0,7.0,87
217,Wednesday,10-08-2022,01:00:00,23.0,50.0,14.0,1.0,34.0,8.0,80
218,Wednesday,10-08-2022,02:00:00,12.0,40.0,12.0,1.25,32.0,5.0,79
219,Wednesday,10-08-2022,03:00:00,10.0,36.0,13.0,1.5,35.0,2.0,78
220,Wednesday,10-08-2022,04:00:00,13.5,34.5,14.0,1.75,37.5,3.0,79
221,Wednesday,10-08-2022,05:00:00,17.0,33.0,15.0,2.0,40.0,4.0,77
222,Wednesday,10-08-2022,06:00:00,13.0,39.0,18.0,4.0,54.0,14.0,76
223,Wednesday,10-08-2022,07:00:00,23.0,62.0,20.0,3.0,58.0,8.0,76
224,Wednesday,10-08-2022,08:00:00,29.0,84.0,21.0,3.0,70.0,8.0,76
225,Wednesday,10-08-2022,09:00:00,32.0,86.0,22.0,4.0,70.0,7.0,76
226,Wednesday,10-08-2022,10:00:00,19.0,86.0,21.0,4.0,68.0,5.0,76
227,Wednesday,10-08-2022,11:00:00,13.0,93.0,26.0,5.0,52.0,2.0,77
228,Wednesday,10-08-2022,12:00:00,30.0,138.0,26.0,8.0,64.0,5.0,78
229,Wednesday,10-08-2022,13:00:00,33.0,137.0,29.0,3.0,57.0,6.0,79
230,Wednesday,10-08-2022,14:00:00,33.0,134.0,30.0,3.0,62.0,11.0,80
231,Wednesday,10-08-2022,15:00:00,21.0,107.0,30.0,2.0,82.0,7.0,81
232,Wednesday,10-08-2022,16:00:00,26.0,95.0,30.0,1.0,79.0,8.0,81
233,Wednesday,10-08-2022,17:00:00,32.0,94.0,31.0,1.0,70.0,7.0,82
234,Wednesday,10-08-2022,18:00:00,30.0,98.0,30.0,2.0,72.0,8.0,82
235,Wednesday,10-08-2022,19:00:00,33.0,101.0,36.0,4.0,69.0,3.0,83
236,Wednesday,10-08-2022,20:00:00,37.0,98.0,46.0,3.0,87.0,13.0,83
237,Wednesday,10-08-2022,21:00:00,37.0,99.0,25.0,4.0,78.0,4.0,84
238,Wednesday,10-08-2022,22:00:00,14.0,49.0,14.0,4.0,65.0,8.0,82
239,Wednesday,10-08-2022,23:00:00,19.0,51.0,15.0,5.0,73.0,8.0,81
240,Thursday,11-08-2022,00:00:00,27.0,59.0,11.0,5.0,66.0,9.0,81
241,Thursday,11-08-2022,01:00:00,23.0,58.0,21.0,4.0,12.0,9.0,82
242,Thursday,11-08-2022,02:00:00,23.0,50.0,18.0,4.0,10.0,16.0,82
243,Thursday,11-08-2022,03:00:00,17.0,49.0,16.0,4.0,20.0,3.0,83
244,Thursday,11-08-2022,04:00:00,12.0,40.0,15.0,3.0,30.0,4.0,81
245,Thursday,11-08-2022,05:00:00,20.0,40.0,23.0,4.0,40.0,5.0,81
246,Thursday,11-08-2022,06:00:00,22.0,46.0,21.0,4.0,51.0,5.0,81
247,Thursday,11-08-2022,07:00:00,15.0,43.0,28.0,4.0,60.0,6.0,81
248,Thursday,11-08-2022,08:00:00,35.0,65.0,24.0,5.0,63.0,15.0,80
249,Thursday,11-08-2022,09:00:00,28.0,82.0,22.0,2.0,47.0,6.0,80
250,Thursday,11-08-2022,10:00:00,26.0,81.0,22.0,1.75,53.0,6.0,79
251,Thursday,11-08-2022,11:00:00,24.0,86.0,25.0,1.5,28.0,7.0,79
252,Thursday,11-08-2022,12:00:00,20.0,80.0,24.0,1.25,26.0,5.0,77
253,Thursday,11-08-2022,13:00:00,22.0,81.0,26.0,1.0,17.0,4.0,74
254,Thursday,11-08-2022,14:00:00,27.0,71.0,28.0,2.0,24.0,6.0,72
255,Thursday,11-08-2022,15:00:00,37.0,76.0,25.0,2.0,24.0,7.0,70
256,Thursday,11-08-2022,16:00:00,29.0,64.0,29.0,1.0,67.0,10.0,69
257,Thursday,11-08-2022,17:00:00,28.0,69.0,30.0,2.0,75.0,7.0,68
258,Thursday,11-08-2022,18:00:00,18.0,74.0,38.0,3.0,88.0,7.0,67
259,Thursday,11-08-2022,19:00:00,27.0,85.0,24.0,1.0,66.0,4.0,66
260,Thursday,11-08-2022,20:00:00,63.0,84.0,21.0,3.0,55.0,5.0,66
261,Thursday,11-08-2022,21:00:00,34.0,62.0,30.0,4.0,62.0,5.0,64
262,Thursday,11-08-2022,22:00:00,27.0,71.0,19.0,5.0,44.0,7.0,65
263,Thursday,11-08-2022,23:00:00,22.0,58.0,12.0,3.0,41.0,7.0,66
264,Friday,12-08-2022,00:00:00,12.0,53.0,10.0,4.0,38.0,8.0,65
265,Friday,12-08-2022,01:00:00,19.0,46.0,13.0,4.0,29.0,9.0,65
266,Friday,12-08-2022,02:00:00,14.0,35.0,15.0,4.0,26.0,8.0,64
267,Friday,12-08-2022,03:00:00,15.0,42.0,19.0,4.0,30.0,9.0,64
268,Friday,12-08-2022,04:00:00,25.0,50.0,17.0,4.0,28.0,7.0,64
269,Friday,12-08-2022,05:00:00,25.0,54.0,15.0,2.0,16.0,7.0,65
270,Friday,12-08-2022,06:00:00,23.0,46.0,16.0,1.0,17.0,6.0,65
271,Friday,12-08-2022,07:00:00,13.0,49.0,19.0,1.0,29.0,7.0,65
272,Friday,12-08-2022,08:00:00,28.0,66.0,21.0,1.0,33.0,7.0,65
273,Friday,12-08-2022,09:00:00,32.0,71.0,22.0,2.0,67.0,19.0,65
274,Friday,12-08-2022,10:00:00,28.0,74.0,23.0,2.0,78.0,14.0,64
275,Friday,12-08-2022,11:00:00,22.0,69.0,25.0,4.0,75.0,7.0,64
276,Friday,12-08-2022,12:00:00,16.0,66.0,23.0,5.0,77.0,7.0,63
277,Friday,12-08-2022,13:00:00,18.0,77.0,25.0,5.0,62.0,7.0,63
278,Friday,12-08-2022,14:00:00,27.0,100.0,28.0,4.0,62.0,4.0,64
279,Friday,12-08-2022,15:00:00,39.0,108.0,34.0,4.0,68.0,4.0,66
280,Friday,12-08-2022,16:00:00,56.0,103.0,37.0,4.0,68.0,9.0,67
281,Friday,12-08-2022,17:00:00,38.0,101.0,33.0,2.0,78.0,10.0,71
282,Friday,12-08-2022,18:00:00,40.0,109.0,51.0,2.0,99.0,11.0,74
283,Friday,12-08-2022,19:00:00,48.0,118.0,53.0,1.0,104.0,8.0,77
284,Friday,12-08-2022,20:00:00,49.0,110.0,36.0,3.0,82.0,5.0,78
285,Friday,12-08-2022,21:00:00,48.0,85.0,25.0,5.0,70.0,6.0,77
286,Friday,12-08-2022,22:00:00,58.0,68.0,20.0,4.0,67.0,3.0,78
287,Friday,12-08-2022,23:00:00,71.0,72.0,17.0,4.0,66.0,7.0,78
288,Saturday,13-08-2022,00:00:00,48.0,64.0,18.0,4.0,59.0,8.0,77
289,Saturday,13-08-2022,01:00:00,27.0,54.0,15.0,2.0,54.0,8.0,75
290,Saturday,13-08-2022,02:00:00,15.0,41.0,17.0,1.0,53.0,9.0,75
291,Saturday,13-08-2022,03:00:00,21.0,48.0,14.0,1.0,49.0,9.0,75
292,Saturday,13-08-2022,04:00:00,19.0,50.0,12.0,2.0,46.0,7.0,75
293,Saturday,13-08-2022,05:00:00,16.0,49.0,11.0,3.0,47.0,7.0,75
294,Saturday,13-08-2022,06:00:00,20.0,44.0,15.0,4.0,52.0,6.0,75
295,Saturday,13-08-2022,07:00:00,20.0,48.0,15.0,4.0,58.0,6.0,75
296,Saturday,13-08-2022,08:00:00,22.0,62.0,18.0,4.0,62.0,6.0,75
297,Saturday,13-08-2022,09:00:00,27.0,80.0,21.0,2.0,61.0,7.0,75
298,Saturday,13-08-2022,10:00:00,30.0,92.0,24.0,0.0,63.0,9.0,76
299,Saturday,13-08-2022,11:00:00,32.0,95.0,26.0,0.0,69.0,16.0,77
300,Saturday,13-08-2022,12:00:00,28.0,102.0,32.0,6.0,68.0,6.0,78
301,Saturday,13-08-2022,13:00:00,29.0,104.0,31.0,3.0,69.0,7.0,79
302,Saturday,13-08-2022,14:00:00,28.0,93.0,30.0,2.0,68.0,7.0,79
303,Saturday,13-08-2022,15:00:00,39.0,75.0,31.0,2.0,71.0,4.0,78
304,Saturday,13-08-2022,16:00:00,26.0,78.0,34.0,3.0,70.0,4.0,77
305,Saturday,13-08-2022,17:00:00,44.0,74.0,28.0,5.0,59.0,6.0,76
306,Saturday,13-08-2022,18:00:00,18.0,38.0,21.0,7.0,52.0,8.0,73
307,Saturday,13-08-2022,19:00:00,8.0,33.0,27.0,5.0,51.0,9.0,69
308,Saturday,13-08-2022,20:00:00,9.0,24.0,37.0,5.0,54.0,9.0,66
309,Saturday,13-08-2022,21:00:00,25.0,28.0,36.0,10.0,56.0,8.0,63
310,Saturday,13-08-2022,22:00:00,40.0,42.0,28.0,10.0,76.0,8.0,62
311,Saturday,13-08-2022,23:00:00,67.0,74.0,28.0,10.0,67.0,10.0,62
312,Sunday,14-08-2022,00:00:00,24.0,46.0,20.0,13.0,59.0,5.0,61
313,Sunday,14-08-2022,01:00:00,18.0,44.0,37.0,8.0,66.0,8.0,61
314,Sunday,14-08-2022,02:00:00,26.0,62.0,48.0,5.0,74.0,7.0,62
315,Sunday,14-08-2022,03:00:00,32.0,58.0,32.0,2.0,65.0,7.0,63
316,Sunday,14-08-2022,04:00:00,25.0,48.0,18.0,1.0,54.0,7.0,63
317,Sunday,14-08-2022,05:00:00,8.0,38.0,12.0,1.0,54.5,7.0,63
318,Sunday,14-08-2022,06:00:00,10.0,38.0,12.0,2.0,55.0,7.0,63
319,Sunday,14-08-2022,07:00:00,15.0,35.0,15.0,1.0,59.0,7.0,61
320,Sunday,14-08-2022,08:00:00,20.0,47.0,16.0,2.0,54.0,5.0,61
321,Sunday,14-08-2022,09:00:00,20.0,62.0,16.0,2.0,63.0,5.0,61
322,Sunday,14-08-2022,10:00:00,12.0,61.0,21.0,2.0,65.0,7.0,61
323,Sunday,14-08-2022,11:00:00,15.0,60.0,20.0,3.0,63.0,7.0,60
324,Sunday,14-08-2022,12:00:00,19.0,51.0,21.0,6.0,66.0,13.0,60
325,Sunday,14-08-2022,13:00:00,15.0,46.0,22.0,7.0,68.0,10.0,62
326,Sunday,14-08-2022,14:00:00,9.0,40.0,22.0,8.0,66.0,7.0,63
327,Sunday,14-08-2022,15:00:00,9.0,36.0,25.0,5.0,71.0,7.0,65
328,Sunday,14-08-2022,16:00:00,19.0,39.0,23.0,5.0,68.0,7.0,66
329,Sunday,14-08-2022,17:00:00,18.0,40.0,23.0,6.0,64.0,8.0,66
330,Sunday,14-08-2022,18:00:00,28.0,36.0,29.0,11.0,54.0,9.0,65
331,Sunday,14-08-2022,19:00:00,28.0,36.0,28.0,12.0,54.0,7.0,64
332,Sunday,14-08-2022,20:00:00,10.0,33.0,22.0,11.0,55.0,8.0,63
333,Sunday,14-08-2022,21:00:00,10.0,34.0,17.0,9.0,56.0,9.0,62
334,Sunday,14-08-2022,22:00:00,12.0,35.0,16.0,8.0,87.0,8.0,61
335,Sunday,14-08-2022,23:00:00,18.0,34.0,11.0,8.0,57.0,8.0,60
336,Monday,15-08-2022,00:00:00,16.0,38.0,9.0,6.0,54.0,8.0,58
337,Monday,15-08-2022,01:00:00,24.0,44.0,5.0,3.0,49.0,8.0,56
338,Monday,15-08-2022,02:00:00,41.0,63.0,5.0,4.0,47.0,7.0,54
339,Monday,15-08-2022,03:00:00,60.0,76.0,5.0,3.0,48.0,8.0,53
340,Monday,15-08-2022,04:00:00,72.0,64.0,4.0,2.0,48.0,5.0,52
341,Monday,15-08-2022,05:00:00,41.0,46.0,5.0,2.0,49.0,9.0,52
342,Monday,15-08-2022,06:00:00,29.0,40.0,7.0,2.0,53.0,8.0,51
343,Monday,15-08-2022,07:00:00,36.0,46.0,22.0,2.0,65.0,8.0,52
344,Monday,15-08-2022,08:00:00,49.0,72.0,27.0,2.0,73.0,9.0,54
345,Monday,15-08-2022,09:00:00,45.0,82.0,22.0,3.0,85.0,11.0,57
346,Monday,15-08-2022,10:00:00,43.0,82.0,20.0,2.0,98.0,5.0,63
347,Monday,15-08-2022,11:00:00,35.0,84.0,22.0,2.0,102.0,7.0,69
348,Monday,15-08-2022,12:00:00,42.0,83.0,23.0,5.0,102.0,8.0,75
349,Monday,15-08-2022,13:00:00,33.0,81.0,25.0,4.0,68.0,8.0,77
350,Monday,15-08-2022,14:00:00,24.0,85.0,31.0,5.0,59.0,20.0,78
351,Monday,15-08-2022,15:00:00,22.0,88.0,42.0,5.0,30.0,6.0,76
352,Monday,15-08-2022,16:00:00,40.0,60.0,48.0,5.0,28.0,8.0,72
353,Monday,15-08-2022,17:00:00,38.0,51.0,21.0,6.0,56.0,8.0,70
354,Monday,15-08-2022,18:00:00,39.0,45.0,64.0,5.0,60.0,8.0,67
355,Monday,15-08-2022,19:00:00,36.0,54.0,60.0,7.0,77.0,6.0,65
356,Monday,15-08-2022,20:00:00,26.0,55.0,39.0,6.0,83.0,8.0,63
357,Monday,15-08-2022,21:00:00,52.0,52.0,52.0,5.0,58.0,8.0,61
358,Monday,15-08-2022,22:00:00,58.0,60.0,12.0,4.0,56.0,9.0,62
359,Monday,15-08-2022,23:00:00,32.0,42.0,10.0,3.0,34.0,10.0,62
360,Tuesday,16-08-2022,00:00:00,12.0,38.0,8.0,3.0,30.0,8.0,62
361,Tuesday,16-08-2022,01:00:00,19.0,36.0,8.0,6.0,53.0,8.0,62
362,Tuesday,16-08-2022,02:00:00,20.0,37.0,12.0,7.0,53.0,8.0,61
363,Tuesday,16-08-2022,03:00:00,17.0,46.0,11.0,7.0,67.0,5.0,60
364,Tuesday,16-08-2022,04:00:00,21.0,38.0,7.0,7.0,68.0,6.0,58
365,Tuesday,16-08-2022,05:00:00,28.0,34.0,7.0,5.0,45.0,8.0,58
366,Tuesday,16-08-2022,06:00:00,25.0,38.0,9.0,4.0,39.0,8.0,58
367,Tuesday,16-08-2022,07:00:00,24.0,39.0,15.0,5.0,43.0,9.0,58
368,Tuesday,16-08-2022,08:00:00,19.0,40.0,19.0,4.0,43.0,8.0,56
369,Tuesday,16-08-2022,09:00:00,18.0,46.0,18.0,2.0,63.0,8.0,55
370,Tuesday,16-08-2022,10:00:00,19.0,57.0,17.0,4.0,61.0,7.0,54
371,Tuesday,16-08-2022,11:00:00,20.0,56.0,11.0,3.0,42.0,6.0,52
372,Tuesday,16-08-2022,12:00:00,26.0,52.0,9.0,5.0,37.0,7.0,51
373,Tuesday,16-08-2022,13:00:00,10.0,62.0,8.0,2.0,53.0,7.0,50
374,Tuesday,16-08-2022,14:00:00,16.0,77.0,8.0,2.0,52.0,7.0,50
375,Tuesday,16-08-2022,15:00:00,15.0,70.0,7.0,2.0,51.0,8.0,49
376,Tuesday,16-08-2022,16:00:00,14.0,62.0,8.0,2.0,52.0,8.0,50
377,Tuesday,16-08-2022,17:00:00,15.0,52.0,10.0,4.0,55.0,8.0,52
378,Tuesday,16-08-2022,18:00:00,13.0,38.0,13.0,4.0,56.0,8.0,51
379,Tuesday,16-08-2022,19:00:00,12.0,46.0,16.0,3.0,58.0,7.0,51
380,Tuesday,16-08-2022,20:00:00,14.0,46.0,13.0,5.0,57.0,6.0,52
381,Tuesday,16-08-2022,21:00:00,16.0,42.0,13.0,4.0,58.0,6.0,55
382,Tuesday,16-08-2022,22:00:00,13.0,43.0,11.0,2.0,60.0,7.0,55
383,Tuesday,16-08-2022,23:00:00,12.0,38.0,9.0,1.0,57.0,7.0,56
384,Wednesday,17-08-2022,00:00:00,20.0,35.0,4.0,1.0,52.0,9.0,56
385,Wednesday,17-08-2022,01:00:00,5.0,26.0,3.0,2.0,48.0,8.0,56
386,Wednesday,17-08-2022,02:00:00,10.0,26.0,6.0,3.0,48.0,8.0,55
387,Wednesday,17-08-2022,03:00:00,18.0,32.0,6.0,1.0,47.0,8.0,54
388,Wednesday,17-08-2022,04:00:00,15.0,27.0,9.0,1.0,47.0,5.0,53
389,Wednesday,17-08-2022,05:00:00,15.0,31.0,11.0,0.0,51.0,5.0,52
390,Wednesday,17-08-2022,06:00:00,19.0,23.0,16.0,0.0,53.0,6.0,51
391,Wednesday,17-08-2022,07:00:00,28.0,30.0,16.0,1.0,57.0,7.0,51
392,Wednesday,17-08-2022,08:00:00,17.0,44.0,19.0,1.0,60.0,8.0,51
393,Wednesday,17-08-2022,09:00:00,27.0,58.0,22.0,4.0,64.0,10.0,53
394,Wednesday,17-08-2022,10:00:00,45.0,76.0,24.0,6.0,70.0,8.0,55
395,Wednesday,17-08-2022,11:00:00,46.0,95.0,28.0,8.0,74.0,8.0,58
396,Wednesday,17-08-2022,12:00:00,48.0,105.0,35.0,12.0,69.0,8.0,61
397,Wednesday,17-08-2022,13:00:00,63.0,96.0,12.0,7.0,55.0,7.0,61
398,Wednesday,17-08-2022,14:00:00,18.0,51.0,10.0,3.0,54.0,7.0,62
399,Wednesday,17-08-2022,15:00:00,18.0,41.0,8.0,4.0,52.0,8.0,62
400,Wednesday,17-08-2022,16:00:00,15.0,43.0,10.0,4.0,60.0,8.0,62
401,Wednesday,17-08-2022,17:00:00,14.0,47.0,12.0,7.0,62.0,9.0,62
402,Wednesday,17-08-2022,18:00:00,17.0,47.0,15.0,18.0,62.0,9.0,62
403,Wednesday,17-08-2022,19:00:00,18.0,48.0,19.0,8.0,66.0,10.0,62
404,Wednesday,17-08-2022,20:00:00,18.0,43.0,16.0,8.0,69.0,8.0,61
405,Wednesday,17-08-2022,21:00:00,15.0,32.0,15.0,5.0,66.0,7.0,61
406,Wednesday,17-08-2022,22:00:00,12.0,34.0,12.0,3.0,63.0,5.0,62
407,Wednesday,17-08-2022,23:00:00,15.0,34.0,8.0,3.0,60.0,7.0,62
408,Thursday,18-08-2022,00:00:00,12.0,34.0,10.0,3.0,61.0,7.0,63
409,Thursday,18-08-2022,01:00:00,10.0,45.0,11.0,5.0,47.0,8.0,62
410,Thursday,18-08-2022,02:00:00,10.0,32.0,13.0,5.0,40.0,10.0,59
411,Thursday,18-08-2022,03:00:00,8.0,22.0,17.0,6.0,38.0,9.0,57
412,Thursday,18-08-2022,04:00:00,13.0,22.0,25.0,5.0,42.0,40.0,54
413,Thursday,18-08-2022,05:00:00,21.0,29.0,17.0,4.0,49.0,77.0,52
414,Thursday,18-08-2022,06:00:00,21.0,36.0,22.0,4.0,55.0,27.0,51
415,Thursday,18-08-2022,07:00:00,31.0,48.0,32.0,5.0,68.0,6.0,51
416,Thursday,18-08-2022,08:00:00,39.0,60.0,30.0,5.0,71.0,6.0,52
417,Thursday,18-08-2022,09:00:00,42.0,60.0,41.0,3.0,92.0,7.0,56
418,Thursday,18-08-2022,10:00:00,48.0,83.0,44.0,3.0,92.0,10.0,61
419,Thursday,18-08-2022,11:00:00,48.0,92.0,35.0,44.0,75.0,10.0,65
420,Thursday,18-08-2022,12:00:00,33.0,92.0,26.0,5.0,67.0,8.0,68
421,Thursday,18-08-2022,13:00:00,35.0,70.0,15.0,5.0,58.0,9.0,70
422,Thursday,18-08-2022,14:00:00,29.0,50.0,14.0,4.0,55.0,9.0,70
423,Thursday,18-08-2022,15:00:00,29.0,44.0,21.0,4.0,53.0,6.0,70
424,Thursday,18-08-2022,16:00:00,35.0,42.0,12.0,4.0,53.0,9.0,68
425,Thursday,18-08-2022,17:00:00,34.0,41.0,12.0,6.0,55.0,9.0,67
426,Thursday,18-08-2022,18:00:00,26.0,43.0,18.0,6.0,59.0,9.0,63
427,Thursday,18-08-2022,19:00:00,28.0,44.0,21.0,5.0,65.0,10.0,60
428,Thursday,18-08-2022,20:00:00,24.0,38.0,21.0,5.0,70.0,9.0,59
429,Thursday,18-08-2022,21:00:00,29.0,43.0,17.0,4.0,71.0,9.0,60
430,Thursday,18-08-2022,22:00:00,43.0,51.0,16.0,3.0,73.0,8.0,62
431,Thursday,18-08-2022,23:00:00,46.0,57.0,16.0,3.0,67.0,6.0,63
432,Friday,19-08-2022,00:00:00,29.0,52.0,16.0,3.0,62.0,7.0,67
433,Friday,19-08-2022,01:00:00,27.0,49.0,9.0,5.0,54.0,8.0,64
434,Friday,19-08-2022,02:00:00,4.0,36.0,9.0,4.0,60.0,7.0,65
435,Friday,19-08-2022,03:00:00,17.0,38.0,7.0,4.0,49.0,10.0,63
436,Friday,19-08-2022,04:00:00,22.0,30.0,17.0,4.0,51.0,7.0,62
437,Friday,19-08-2022,05:00:00,35.0,35.0,17.0,2.0,50.0,9.0,60
438,Friday,19-08-2022,06:00:00,30.0,42.0,22.0,1.0,51.0,14.0,57
439,Friday,19-08-2022,07:00:00,39.0,52.0,21.0,1.0,48.0,12.0,55
440,Friday,19-08-2022,08:00:00,31.0,60.0,22.0,0.0,55.0,11.0,53
441,Friday,19-08-2022,09:00:00,33.0,66.0,24.0,0.0,68.0,6.0,54
442,Friday,19-08-2022,10:00:00,45.0,78.0,28.0,1.0,75.0,7.0,56
443,Friday,19-08-2022,11:00:00,43.0,84.0,33.0,1.0,79.0,7.0,58
444,Friday,19-08-2022,12:00:00,43.0,70.0,29.0,2.0,74.0,10.0,61
445,Friday,19-08-2022,13:00:00,37.0,64.0,35.0,2.0,77.0,13.0,64
446,Friday,19-08-2022,14:00:00,42.0,60.0,30.0,1.0,64.0,4.0,66
447,Friday,19-08-2022,15:00:00,23.0,40.0,21.0,3.0,50.0,3.0,66
448,Friday,19-08-2022,16:00:00,20.0,37.0,16.0,3.0,47.0,2.0,65
449,Friday,19-08-2022,17:00:00,29.0,32.0,18.0,5.0,51.0,6.0,65
450,Friday,19-08-2022,18:00:00,32.0,33.0,21.0,6.0,52.0,8.0,63
451,Friday,19-08-2022,19:00:00,33.0,41.0,25.0,6.0,59.0,8.0,61
452,Friday,19-08-2022,20:00:00,25.0,54.0,22.0,6.0,69.0,11.0,60
453,Friday,19-08-2022,21:00:00,28.0,55.0,17.0,7.0,67.0,9.0,60
454,Friday,19-08-2022,22:00:00,25.0,45.0,16.0,8.0,68.0,9.0,59
455,Friday,19-08-2022,23:00:00,26.0,48.0,29.0,6.0,86.0,10.0,61
456,Saturday,20-08-2022,00:00:00,35.0,71.0,34.0,5.0,78.0,9.0,64
457,Saturday,20-08-2022,01:00:00,38.0,72.0,21.0,5.0,62.0,4.0,66
458,Saturday,20-08-2022,02:00:00,28.0,62.0,24.0,4.0,63.0,7.0,67
459,Saturday,20-08-2022,03:00:00,32.0,57.0,27.0,5.0,60.0,6.0,68
460,Saturday,20-08-2022,04:00:00,42.0,59.0,21.0,6.0,61.0,6.0,68
461,Saturday,20-08-2022,05:00:00,42.0,69.0,25.0,4.0,59.0,10.0,67
462,Saturday,20-08-2022,06:00:00,43.0,68.0,23.0,4.0,62.0,9.0,67
463,Saturday,20-08-2022,07:00:00,43.0,70.0,24.0,3.0,70.0,9.0,67
464,Saturday,20-08-2022,08:00:00,44.0,91.0,22.0,4.0,68.0,9.0,65
465,Saturday,20-08-2022,09:00:00,38.0,103.0,22.0,5.0,74.0,5.0,64
466,Saturday,20-08-2022,10:00:00,39.0,103.0,23.0,5.0,74.0,6.0,66
467,Saturday,20-08-2022,11:00:00,25.0,97.0,25.0,4.0,74.0,7.0,67
468,Saturday,20-08-2022,12:00:00,20.0,84.0,27.0,7.0,72.0,8.0,68
469,Saturday,20-08-2022,13:00:00,18.0,78.0,21.0,3.0,74.0,10.0,70
470,Saturday,20-08-2022,14:00:00,18.0,68.0,24.0,1.0,78.0,12.0,72
471,Saturday,20-08-2022,15:00:00,18.0,64.0,28.0,1.0,82.0,8.0,74
472,Saturday,20-08-2022,16:00:00,26.0,72.0,28.0,2.0,77.0,8.0,75
473,Saturday,20-08-2022,17:00:00,34.0,80.0,33.0,3.0,77.0,8.0,76
474,Saturday,20-08-2022,18:00:00,33.0,82.0,36.0,5.0,63.0,5.0,75
475,Saturday,20-08-2022,19:00:00,41.0,88.0,18.0,5.0,68.0,7.0,74
476,Saturday,20-08-2022,20:00:00,44.0,78.0,32.0,3.0,96.0,8.0,76
477,Saturday,20-08-2022,21:00:00,54.0,98.0,43.0,2.0,100.0,7.0,79
478,Saturday,20-08-2022,22:00:00,49.0,88.0,46.0,3.0,101.0,10.0,82
479,Saturday,20-08-2022,23:00:00,62.0,88.0,44.0,1.0,98.0,9.0,85
480,Sunday,21-08-2022,00:00:00,61.0,80.0,27.0,3.0,73.0,8.0,84
481,Sunday,21-08-2022,01:00:00,46.0,66.0,19.0,2.0,62.0,8.0,82
482,Sunday,21-08-2022,02:00:00,36.0,54.0,16.0,1.0,58.0,6.0,80
483,Sunday,21-08-2022,03:00:00,29.0,51.0,14.0,0.0,58.0,7.0,79
484,Sunday,21-08-2022,04:00:00,45.0,59.0,24.0,0.0,61.0,7.0,79
485,Sunday,21-08-2022,05:00:00,54.0,69.0,36.0,2.0,62.0,8.0,78
486,Sunday,21-08-2022,06:00:00,52.0,65.0,29.0,3.0,68.0,9.0,78
487,Sunday,21-08-2022,07:00:00,52.0,75.0,26.0,3.0,75.0,9.0,78
488,Sunday,21-08-2022,08:00:00,49.0,82.0,23.0,4.0,71.0,9.0,78
489,Sunday,21-08-2022,09:00:00,39.0,83.5,22.5,5.0,67.5,7.0,77
490,Sunday,21-08-2022,10:00:00,29.0,85.0,22.0,6.0,64.0,5.0,76
491,Sunday,21-08-2022,11:00:00,26.0,83.0,21.0,6.0,66.0,4.0,76
492,Sunday,21-08-2022,12:00:00,28.0,79.0,21.5,5.0,68.0,5.5,74
493,Sunday,21-08-2022,13:00:00,30.0,75.0,22.0,4.0,70.0,7.0,75
494,Sunday,21-08-2022,14:00:00,14.0,76.0,21.0,2.0,70.0,8.0,75
495,Sunday,21-08-2022,15:00:00,19.0,78.0,19.0,1.0,68.0,18.0,75
496,Sunday,21-08-2022,16:00:00,19.0,54.0,17.0,2.0,62.0,6.0,75
497,Sunday,21-08-2022,17:00:00,31.0,74.0,14.0,2.0,55.0,9.0,75
498,Sunday,21-08-2022,18:00:00,44.0,77.0,13.0,4.0,55.0,11.0,75
499,Sunday,21-08-2022,19:00:00,32.0,68.0,16.0,4.0,58.0,25.0,74
500,Sunday,21-08-2022,20:00:00,7.0,61.0,22.0,4.0,66.0,6.0,73
501,Sunday,21-08-2022,21:00:00,30.0,58.0,25.0,3.0,71.0,7.0,71
502,Sunday,21-08-2022,22:00:00,47.0,37.0,22.0,1.0,81.0,7.0,69
503,Sunday,21-08-2022,23:00:00,10.0,13.0,35.0,3.0,88.0,9.0,67
504,Monday,22-08-2022,00:00:00,10.0,13.0,11.0,3.0,53.0,10.0,65
505,Monday,22-08-2022,01:00:00,13.0,12.0,5.0,2.0,49.0,8.0,64
506,Monday,22-08-2022,02:00:00,10.0,10.0,6.0,1.0,50.0,9.0,63
507,Monday,22-08-2022,03:00:00,3.0,7.0,6.0,1.0,49.0,8.0,63
508,Monday,22-08-2022,04:00:00,10.0,17.0,5.0,2.0,50.0,1.0,62
509,Monday,22-08-2022,05:00:00,10.0,19.0,12.0,5.0,52.0,11.0,60
510,Monday,22-08-2022,06:00:00,17.0,21.0,15.0,7.0,56.0,6.0,59
511,Monday,22-08-2022,07:00:00,23.0,30.0,18.0,8.0,65.0,6.0,57
512,Monday,22-08-2022,08:00:00,37.0,40.0,18.0,7.0,72.0,8.0,55
513,Monday,22-08-2022,09:00:00,30.0,45.0,28.0,5.0,87.0,9.0,59
514,Monday,22-08-2022,10:00:00,39.0,60.0,27.0,3.0,90.0,8.0,63
515,Monday,22-08-2022,11:00:00,32.0,61.5,26.0,4.0,82.5,8.5,65
516,Monday,22-08-2022,12:00:00,25.0,63.0,25.0,5.0,75.0,9.0,68
517,Monday,22-08-2022,13:00:00,31.0,64.0,26.0,3.0,77.0,5.0,72
518,Monday,22-08-2022,14:00:00,22.0,60.0,25.0,1.0,72.0,6.0,74
519,Monday,22-08-2022,15:00:00,21.0,54.0,25.0,1.0,76.0,8.0,77
520,Monday,22-08-2022,16:00:00,22.0,58.0,30.0,1.0,77.0,8.0,78
521,Monday,22-08-2022,17:00:00,19.0,65.0,26.0,5.0,70.0,11.0,78
522,Monday,22-08-2022,18:00:00,21.0,48.0,22.0,8.0,56.0,8.0,74
523,Monday,22-08-2022,19:00:00,25.0,42.0,25.0,9.0,56.0,9.0,70
524,Monday,22-08-2022,20:00:00,22.0,43.0,22.0,9.0,54.0,12.0,68
525,Monday,22-08-2022,21:00:00,18.0,40.0,26.0,5.0,68.0,5.0,67
526,Monday,22-08-2022,22:00:00,10.0,44.0,19.0,3.0,73.0,6.0,67
527,Monday,22-08-2022,23:00:00,30.0,34.0,14.0,3.0,61.0,7.0,66
528,Tuesday,23-08-2022,00:00:00,12.0,22.0,13.0,2.0,53.0,7.0,63
529,Tuesday,23-08-2022,01:00:00,6.0,18.0,13.0,1.0,48.0,8.0,60
530,Tuesday,23-08-2022,02:00:00,7.0,14.0,12.0,1.0,46.0,9.0,57
531,Tuesday,23-08-2022,03:00:00,14.0,16.0,13.0,1.0,46.0,9.0,56
532,Tuesday,23-08-2022,04:00:00,17.714285714285715,23.0,14.714285714285714,1.4285714285714286,51.57142857142857,10.428571428571429,56
533,Tuesday,23-08-2022,05:00:00,21.42857142857143,30.0,16.428571428571427,1.8571428571428572,57.14285714285714,11.857142857142858,53
534,Tuesday,23-08-2022,06:00:00,25.142857142857142,37.0,18.142857142857142,2.2857142857142856,62.714285714285715,13.285714285714285,51
535,Tuesday,23-08-2022,07:00:00,28.857142857142858,44.0,19.857142857142858,2.7142857142857144,68.28571428571428,14.714285714285715,48
536,Tuesday,23-08-2022,08:00:00,32.57142857142857,51.0,21.57142857142857,3.142857142857143,73.85714285714286,16.142857142857142,53
537,Tuesday,23-08-2022,09:00:00,36.285714285714285,58.0,23.285714285714285,3.571428571428571,79.42857142857143,17.57142857142857,59
538,Tuesday,23-08-2022,10:00:00,40.0,65.0,25.0,4.0,85.0,19.0,59
539,Tuesday,23-08-2022,11:00:00,21.0,68.0,27.0,3.0,79.0,7.0,70
540,Tuesday,23-08-2022,12:00:00,18.0,58.0,29.0,5.0,82.0,7.0,82
541,Tuesday,23-08-2022,13:00:00,28.0,54.0,26.0,3.0,77.0,7.0,81
542,Tuesday,23-08-2022,14:00:00,22.0,52.0,23.0,1.0,73.0,7.0,79
543,Tuesday,23-08-2022,15:00:00,21.0,48.0,23.0,1.0,72.0,6.0,78
544,Tuesday,23-08-2022,16:00:00,11.0,41.0,16.0,2.0,58.0,8.0,75
545,Tuesday,23-08-2022,17:00:00,13.0,48.0,12.0,3.0,55.0,8.0,73
546,Tuesday,23-08-2022,18:00:00,33.0,39.0,14.0,6.0,54.0,9.0,71
547,Tuesday,23-08-2022,19:00:00,46.0,51.0,32.0,5.0,61.0,9.0,68
548,Tuesday,23-08-2022,20:00:00,29.0,62.0,23.0,5.0,63.0,9.0,66
549,Tuesday,23-08-2022,21:00:00,34.0,48.0,20.0,5.0,63.0,9.0,64
550,Tuesday,23-08-2022,22:00:00,24.0,38.0,13.0,4.0,63.0,9.0,62
551,Tuesday,23-08-2022,23:00:00,10.0,30.0,8.0,4.0,59.0,4.0,61
552,Wednesday,24-08-2022,00:00:00,12.0,24.0,9.0,5.0,56.0,6.0,59
553,Wednesday,24-08-2022,01:00:00,17.0,31.0,11.0,3.0,53.0,7.0,59
554,Wednesday,24-08-2022,02:00:00,18.0,38.0,11.0,2.0,51.0,7.0,58
555,Wednesday,24-08-2022,03:00:00,20.0,28.0,9.0,3.0,47.0,10.0,57
556,Wednesday,24-08-2022,04:00:00,18.0,27.0,5.0,3.0,44.0,7.0,55
557,Wednesday,24-08-2022,05:00:00,12.0,11.0,10.0,5.0,49.0,8.0,54
558,Wednesday,24-08-2022,06:00:00,14.0,12.0,14.0,5.0,57.0,9.0,53
559,Wednesday,24-08-2022,07:00:00,23.0,18.0,21.0,6.0,68.0,5.0,54
560,Wednesday,24-08-2022,08:00:00,33.0,30.0,23.0,6.0,80.0,5.0,56
561,Wednesday,24-08-2022,09:00:00,38.0,34.0,23.0,5.0,92.0,7.0,60
562,Wednesday,24-08-2022,10:00:00,52.0,44.0,28.0,4.0,101.0,8.0,65
563,Wednesday,24-08-2022,11:00:00,49.0,52.0,28.0,5.0,87.0,8.0,69
564,Wednesday,24-08-2022,12:00:00,26.0,51.0,26.0,7.0,78.0,9.0,73
565,Wednesday,24-08-2022,13:00:00,23.0,56.0,26.0,4.0,84.0,8.0,77
566,Wednesday,24-08-2022,14:00:00,25.0,68.0,32.0,3.0,61.0,9.0,81
567,Wednesday,24-08-2022,15:00:00,33.0,67.0,29.0,2.0,76.0,7.0,83
568,Wednesday,24-08-2022,16:00:00,36.0,72.0,37.0,5.0,60.0,4.0,82
569,Wednesday,24-08-2022,17:00:00,28.0,54.0,37.0,3.0,66.0,6.0,81
570,Wednesday,24-08-2022,18:00:00,34.0,66.0,59.0,5.0,109.0,6.0,82
571,Wednesday,24-08-2022,19:00:00,70.0,115.0,55.0,6.0,117.0,7.0,84
572,Wednesday,24-08-2022,20:00:00,71.0,108.0,68.0,5.0,81.0,9.0,84
573,Wednesday,24-08-2022,21:00:00,39.0,61.0,39.0,7.0,54.0,9.0,81
574,Wednesday,24-08-2022,22:00:00,25.0,34.0,28.0,6.0,70.0,8.0,79
575,Wednesday,24-08-2022,23:00:00,24.0,46.0,18.0,4.0,70.0,8.0,78
576,Thursday,25-08-2022,00:00:00,42.0,57.0,22.0,3.0,59.0,8.0,76
577,Thursday,25-08-2022,01:00:00,40.0,50.0,52.0,2.0,60.0,4.0,76
578,Thursday,25-08-2022,02:00:00,24.0,46.0,25.0,3.0,61.0,6.0,76
579,Thursday,25-08-2022,03:00:00,25.0,50.0,16.0,3.0,52.0,7.0,69
580,Thursday,25-08-2022,04:00:00,20.0,28.0,10.0,2.0,48.0,6.0,62
581,Thursday,25-08-2022,05:00:00,18.0,22.0,10.0,3.0,52.0,10.0,58
582,Thursday,25-08-2022,06:00:00,12.0,26.0,14.0,2.0,55.0,9.0,59
583,Thursday,25-08-2022,07:00:00,20.0,38.0,15.0,2.0,73.0,9.0,59
584,Thursday,25-08-2022,08:00:00,36.0,73.0,25.0,3.0,84.0,8.0,60
585,Thursday,25-08-2022,09:00:00,50.0,95.0,35.0,4.0,87.0,5.0,64
586,Thursday,25-08-2022,10:00:00,62.0,103.0,30.0,5.0,82.0,6.0,66
587,Thursday,25-08-2022,11:00:00,60.0,105.0,34.0,5.0,80.0,7.0,68
588,Thursday,25-08-2022,12:00:00,70.0,116.0,29.0,7.0,71.0,7.0,70
589,Thursday,25-08-2022,13:00:00,40.0,86.0,26.0,4.0,67.0,9.0,72
590,Thursday,25-08-2022,14:00:00,38.0,68.0,27.0,2.0,52.0,9.0,72
591,Thursday,25-08-2022,15:00:00,23.0,41.0,28.0,4.0,54.0,8.0,72
592,Thursday,25-08-2022,16:00:00,29.0,50.0,33.0,3.0,81.0,10.0,73
593,Thursday,25-08-2022,17:00:00,36.0,92.0,37.0,3.0,86.0,15.0,73
594,Thursday,25-08-2022,18:00:00,44.0,94.0,28.0,4.0,67.0,6.0,71
595,Thursday,25-08-2022,19:00:00,33.0,76.0,24.0,4.0,75.0,7.0,70
596,Thursday,25-08-2022,20:00:00,47.0,76.0,25.0,4.0,81.0,8.0,70
597,Thursday,25-08-2022,21:00:00,39.0,89.0,48.0,4.0,105.0,7.0,74
598,Thursday,25-08-2022,22:00:00,57.0,108.0,52.0,3.0,108.0,12.0,79
599,Thursday,25-08-2022,23:00:00,60.0,116.0,45.0,2.0,101.0,8.0,84
600,Friday,26-08-2022,00:00:00,60.0,94.0,30.0,3.0,77.0,8.0,87
601,Friday,26-08-2022,01:00:00,28.0,57.0,31.0,4.0,65.0,8.0,85
602,Friday,26-08-2022,02:00:00,38.0,76.0,28.0,5.0,59.0,6.0,82
603,Friday,26-08-2022,03:00:00,36.0,68.0,18.0,5.0,57.0,5.0,81
604,Friday,26-08-2022,04:00:00,36.25,67.0,20.5,5.5,61.25,8.0,82
605,Friday,26-08-2022,05:00:00,36.5,66.0,23.0,6.0,65.5,11.0,82
606,Friday,26-08-2022,06:00:00,36.75,65.0,25.5,6.5,69.75,14.0,82
607,Friday,26-08-2022,07:00:00,37.0,64.0,28.0,7.0,74.0,17.0,83
608,Friday,26-08-2022,08:00:00,49.0,69.0,26.0,7.0,82.0,20.0,83
609,Friday,26-08-2022,09:00:00,53.0,92.0,26.0,5.0,88.0,6.0,83
610,Friday,26-08-2022,10:00:00,42.0,97.0,29.0,3.0,82.0,6.0,83
611,Friday,26-08-2022,11:00:00,30.0,74.0,28.0,4.0,68.0,4.0,81
612,Friday,26-08-2022,12:00:00,33.0,59.0,22.0,6.0,53.0,6.0,78
613,Friday,26-08-2022,13:00:00,20.0,27.0,20.0,6.0,52.0,6.0,76
614,Friday,26-08-2022,14:00:00,18.0,28.0,23.0,4.0,68.0,7.0,74
615,Friday,26-08-2022,15:00:00,29.0,35.0,29.0,7.0,89.0,11.0,73
616,Friday,26-08-2022,16:00:00,33.0,36.0,28.0,5.0,61.0,9.0,73
617,Friday,26-08-2022,17:00:00,28.0,39.0,22.0,3.0,54.0,8.0,70
618,Friday,26-08-2022,18:00:00,32.0,34.0,19.0,2.0,54.0,8.0,67
619,Friday,26-08-2022,19:00:00,35.0,30.0,18.0,2.0,52.0,6.0,65
620,Friday,26-08-2022,20:00:00,34.0,31.0,17.0,2.0,57.0,6.0,63
621,Friday,26-08-2022,21:00:00,38.0,31.0,25.0,5.0,62.0,7.0,61
622,Friday,26-08-2022,22:00:00,21.0,37.0,20.0,6.0,74.0,8.0,63
623,Friday,26-08-2022,23:00:00,30.0,54.0,34.0,5.0,98.0,9.0,67
624,Saturday,27-08-2022,00:00:00,48.0,48.0,25.0,5.0,69.0,9.0,65
625,Saturday,27-08-2022,01:00:00,31.0,29.0,19.0,4.0,55.0,8.0,64
626,Saturday,27-08-2022,02:00:00,12.0,13.0,17.0,3.0,54.0,7.0,64
627,Saturday,27-08-2022,03:00:00,19.0,18.0,17.0,5.0,53.0,8.0,64
628,Saturday,27-08-2022,04:00:00,15.0,14.0,14.0,4.0,52.0,4.0,64
629,Saturday,27-08-2022,05:00:00,16.0,16.0,14.0,3.0,49.0,6.0,63
630,Saturday,27-08-2022,06:00:00,15.0,16.0,17.0,1.0,54.0,8.0,62
631,Saturday,27-08-2022,07:00:00,21.0,24.0,21.0,2.0,64.0,8.0,61
632,Saturday,27-08-2022,08:00:00,23.0,30.0,26.0,2.0,67.0,10.0,57
633,Saturday,27-08-2022,09:00:00,35.0,35.0,32.0,3.0,80.0,10.0,59
634,Saturday,27-08-2022,10:00:00,26.0,47.0,39.0,3.0,89.0,14.0,62
635,Saturday,27-08-2022,11:00:00,34.0,63.0,42.0,4.0,95.0,10.0,67
636,Saturday,27-08-2022,12:00:00,35.0,76.0,48.0,5.0,94.0,7.0,72
637,Saturday,27-08-2022,13:00:00,40.0,80.0,28.0,2.0,70.0,6.0,74
638,Saturday,27-08-2022,14:00:00,32.0,66.0,21.0,1.0,59.0,9.0,75
639,Saturday,27-08-2022,15:00:00,47.0,55.0,16.0,2.0,57.0,9.0,75
640,Saturday,27-08-2022,16:00:00,37.0,49.0,17.0,2.0,53.0,9.0,74
641,Saturday,27-08-2022,17:00:00,21.0,37.0,20.0,3.0,53.0,9.0,72
642,Saturday,27-08-2022,18:00:00,26.0,31.0,31.0,2.0,54.0,9.0,69
643,Saturday,27-08-2022,19:00:00,20.0,22.0,31.0,2.0,56.0,10.0,66
644,Saturday,27-08-2022,20:00:00,21.0,30.0,26.0,2.0,63.0,9.0,62
645,Saturday,27-08-2022,21:00:00,26.0,41.0,27.0,1.0,86.0,5.0,61
646,Saturday,27-08-2022,22:00:00,19.0,47.0,34.0,1.25,93.0,6.0,64
647,Saturday,27-08-2022,23:00:00,22.0,38.0,33.0,1.5,89.0,7.0,67
648,Sunday,28-08-2022,00:00:00,22.0,41.0,30.0,1.75,82.0,8.0,70
649,Sunday,28-08-2022,01:00:00,21.0,38.0,26.0,2.0,56.0,12.0,70
650,Sunday,28-08-2022,02:00:00,15.0,16.0,17.0,3.0,47.0,12.0,70
651,Sunday,28-08-2022,03:00:00,12.0,16.0,15.0,2.0,46.0,6.0,69
652,Sunday,28-08-2022,04:00:00,8.0,13.0,12.0,3.0,47.0,8.0,68
653,Sunday,28-08-2022,05:00:00,10.0,20.0,12.0,1.0,52.0,6.0,66
654,Sunday,28-08-2022,06:00:00,12.0,22.0,13.0,0.0,57.0,4.0,63
655,Sunday,28-08-2022,07:00:00,22.0,32.0,19.0,1.0,60.0,8.0,60
656,Sunday,28-08-2022,08:00:00,21.0,34.0,20.0,1.0,65.0,7.0,57
657,Sunday,28-08-2022,09:00:00,30.0,54.0,24.0,1.0,71.0,8.0,56
658,Sunday,28-08-2022,10:00:00,36.0,83.0,29.0,2.0,73.0,13.0,58
659,Sunday,28-08-2022,11:00:00,31.0,84.0,29.0,2.0,69.0,11.0,60
660,Sunday,28-08-2022,12:00:00,25.0,76.0,21.0,5.0,54.0,5.0,61
661,Sunday,28-08-2022,13:00:00,23.0,40.0,23.0,2.0,52.0,8.0,61
662,Sunday,28-08-2022,14:00:00,22.0,33.0,21.0,1.0,53.0,4.0,62
663,Sunday,28-08-2022,15:00:00,25.0,30.0,15.0,1.0,56.0,7.0,61
664,Sunday,28-08-2022,16:00:00,30.0,31.0,14.0,1.0,50.0,9.0,60
665,Sunday,28-08-2022,17:00:00,20.0,32.0,19.0,3.0,63.0,8.0,60
666,Sunday,28-08-2022,18:00:00,22.0,42.0,37.0,4.0,88.0,10.0,62
667,Sunday,28-08-2022,19:00:00,34.0,61.0,56.0,5.0,73.0,9.0,62
668,Sunday,28-08-2022,20:00:00,47.0,51.0,42.0,6.0,55.0,12.0,60
669,Sunday,28-08-2022,21:00:00,36.0,50.0,56.0,6.0,109.0,11.0,67
670,Sunday,28-08-2022,22:00:00,73.0,102.0,50.0,8.0,114.0,8.0,73
671,Sunday,28-08-2022,23:00:00,66.0,97.0,50.0,7.0,112.0,5.0,80
672,Monday,29-08-2022,00:00:00,49.0,86.0,46.0,6.0,105.0,6.0,85
673,Monday,29-08-2022,01:00:00,42.0,69.0,39.0,7.0,91.0,7.0,90
674,Monday,29-08-2022,02:00:00,31.0,49.0,32.0,6.0,72.0,9.0,91
675,Monday,29-08-2022,03:00:00,25.0,39.0,22.0,6.0,57.0,10.0,88
676,Monday,29-08-2022,04:00:00,22.0,27.0,18.0,4.0,53.0,7.0,85
677,Monday,29-08-2022,05:00:00,11.0,24.0,19.0,4.0,57.0,20.0,86
678,Monday,29-08-2022,06:00:00,19.0,22.0,25.0,5.0,53.0,5.0,79
679,Monday,29-08-2022,07:00:00,15.0,15.0,27.0,6.0,55.0,3.0,73
680,Monday,29-08-2022,08:00:00,17.0,18.0,20.0,5.0,63.0,6.0,67
681,Monday,29-08-2022,09:00:00,19.0,21.0,23.0,3.0,78.0,9.0,64
682,Monday,29-08-2022,10:00:00,30.0,24.0,37.0,2.0,100.0,7.0,65
683,Monday,29-08-2022,11:00:00,54.0,51.0,50.0,2.0,94.0,10.0,68
684,Monday,29-08-2022,12:00:00,51.0,60.0,38.0,5.0,80.0,9.0,70
685,Monday,29-08-2022,13:00:00,45.0,54.0,20.0,7.0,68.0,9.0,72
686,Monday,29-08-2022,14:00:00,34.0,34.0,17.0,5.0,65.0,8.0,73
687,Monday,29-08-2022,15:00:00,29.0,26.0,16.0,6.0,59.0,7.0,74
688,Monday,29-08-2022,16:00:00,25.0,25.0,12.0,6.0,55.0,6.0,74
689,Monday,29-08-2022,17:00:00,36.0,27.0,12.0,10.0,50.0,8.0,72
690,Monday,29-08-2022,18:00:00,27.0,26.0,12.0,8.0,49.0,7.0,69
691,Monday,29-08-2022,19:00:00,23.0,27.0,30.0,7.0,49.0,8.0,63
692,Monday,29-08-2022,20:00:00,25.0,25.0,27.8,8.0,49.0,9.0,58
693,Monday,29-08-2022,21:00:00,18.0,19.0,25.6,9.0,49.0,9.0,55
694,Monday,29-08-2022,22:00:00,20.0,18.0,23.4,6.0,49.0,8.0,53
695,Monday,29-08-2022,23:00:00,19.0,19.0,21.2,5.0,51.0,8.0,51
696,Tuesday,30-08-2022,00:00:00,18.0,21.0,19.0,5.0,51.0,4.0,50
697,Tuesday,30-08-2022,01:00:00,21.0,21.0,23.0,9.0,49.0,5.0,50
698,Tuesday,30-08-2022,02:00:00,18.0,24.0,13.0,12.0,48.0,8.0,49
699,Tuesday,30-08-2022,03:00:00,15.0,19.0,13.0,11.0,48.0,7.0,49
700,Tuesday,30-08-2022,04:00:00,21.0,20.0,13.0,12.0,47.0,8.0,49
701,Tuesday,30-08-2022,05:00:00,25.0,45.0,24.0,7.0,65.0,9.0,51
702,Tuesday,30-08-2022,06:00:00,38.0,112.0,41.0,8.0,73.0,8.0,53
703,Tuesday,30-08-2022,07:00:00,62.0,123.0,37.0,8.0,93.0,8.0,58
704,Tuesday,30-08-2022,08:00:00,80.0,119.0,42.0,5.0,96.0,8.0,63
705,Tuesday,30-08-2022,09:00:00,76.0,97.0,19.0,9.0,58.0,4.0,64
706,Tuesday,30-08-2022,10:00:00,40.0,32.0,18.0,8.0,56.0,6.0,65
707,Tuesday,30-08-2022,11:00:00,35.0,33.0,7.0,7.0,50.0,7.0,65
708,Tuesday,30-08-2022,12:00:00,23.0,24.0,3.0,9.0,49.0,8.0,65
709,Tuesday,30-08-2022,13:00:00,25.0,25.0,6.0,3.0,47.0,9.0,65
710,Tuesday,30-08-2022,14:00:00,27.0,23.0,10.0,2.0,47.0,8.0,63
711,Tuesday,30-08-2022,15:00:00,22.0,22.0,8.0,1.0,46.0,8.0,60
712,Tuesday,30-08-2022,16:00:00,16.0,17.0,9.0,1.0,45.0,10.0,55
713,Tuesday,30-08-2022,17:00:00,13.0,16.0,12.0,4.0,45.0,7.0,49
714,Tuesday,30-08-2022,18:00:00,17.0,21.0,13.0,4.0,45.0,6.0,48
715,Tuesday,30-08-2022,19:00:00,18.0,22.0,20.0,6.0,48.0,7.0,47
716,Tuesday,30-08-2022,20:00:00,23.0,24.0,21.0,5.0,48.0,6.0,47
717,Tuesday,30-08-2022,21:00:00,21.0,25.0,20.0,6.0,46.0,9.0,46
718,Tuesday,30-08-2022,22:00:00,18.0,26.0,19.0,4.0,46.0,8.0,46
719,Tuesday,30-08-2022,23:00:00,25.0,22.0,14.0,5.0,46.0,9.0,46
720,Wednesday,31-08-2022,00:00:00,21.0,16.0,15.0,4.0,44.0,9.0,46
721,Wednesday,31-08-2022,01:00:00,10.0,14.0,17.0,2.0,46.0,10.0,46
722,Wednesday,31-08-2022,02:00:00,9.0,20.0,14.0,2.0,48.0,3.0,46
723,Wednesday,31-08-2022,03:00:00,10.0,16.0,20.0,3.0,55.0,6.0,47
724,Wednesday,31-08-2022,04:00:00,12.0,12.0,15.0,6.0,52.0,6.0,48
725,Wednesday,31-08-2022,05:00:00,11.0,12.0,10.0,5.0,46.0,7.0,48
726,Wednesday,31-08-2022,06:00:00,12.0,13.0,22.0,6.0,74.0,10.0,51
727,Wednesday,31-08-2022,07:00:00,31.0,46.0,23.0,6.0,91.0,8.0,56
728,Wednesday,31-08-2022,08:00:00,59.0,94.0,24.0,5.0,75.0,9.0,59
729,Wednesday,31-08-2022,09:00:00,47.0,65.0,13.0,6.0,51.0,8.0,60
730,Wednesday,31-08-2022,10:00:00,17.0,21.0,12.0,5.0,50.0,5.0,60
731,Wednesday,31-08-2022,11:00:00,13.0,17.333333333333332,11.0,5.0,46.0,5.0,60
732,Wednesday,31-08-2022,12:00:00,10.5,13.666666666666668,10.0,7.0,47.0,8.0,59
733,Wednesday,31-08-2022,13:00:00,8.0,10.0,8.0,2.0,48.0,7.0,59
734,Wednesday,31-08-2022,14:00:00,8.0,10.0,12.0,2.0,50.0,9.0,59
735,Wednesday,31-08-2022,15:00:00,9.0,9.0,12.0,4.0,52.0,8.0,57
736,Wednesday,31-08-2022,16:00:00,9.0,10.0,8.0,2.0,47.0,8.0,52
737,Wednesday,31-08-2022,17:00:00,5.0,16.0,6.0,4.0,46.0,8.0,49
738,Wednesday,31-08-2022,18:00:00,5.0,16.0,10.0,5.0,61.0,8.0,50
739,Wednesday,31-08-2022,19:00:00,6.0,20.0,11.0,5.0,63.0,4.0,51
740,Wednesday,31-08-2022,20:00:00,12.0,13.0,19.0,6.0,86.0,6.0,56
741,Wednesday,31-08-2022,21:00:00,19.0,22.0,18.0,3.0,77.0,6.0,59
742,Wednesday,31-08-2022,22:00:00,15.0,24.0,18.0,4.0,106.0,7.0,65
743,Wednesday,31-08-2022,23:00:00,4.0,48.0,20.0,4.0,106.0,11.0,72
